intensity0,intensity1,intensity2,intensity3,intensity4,intensity5,intensity6,intensity7,intensity8,intensity9,intensity10,intensity11,intensity12,intensity13,intensity14,intensity15,intensity16,intensity17,intensity18,intensity19,intensity20,intensity21,intensity22,intensity23,intensity24,intensity25,intensity26,intensity27,intensity28,intensity29,intensity30,intensity31,intensity32,intensity33,intensity34,intensity35,intensity36,intensity37,intensity38,intensity39,intensity40,intensity41,intensity42,intensity43,intensity44,intensity45,intensity46,intensity47,intensity48,intensity49,intensity50,intensity51,intensity52,intensity53,intensity54,intensity55,intensity56,intensity57,intensity58,intensity59,intensity60,intensity61,intensity62,intensity63,intensity64,intensity65,intensity66,intensity67,intensity68,intensity69,intensity70,intensity71,intensity72,intensity73,intensity74,intensity75,intensity76,intensity77,intensity78,intensity79,intensity80,intensity81,intensity82,intensity83,intensity84,intensity85,intensity86,intensity87,intensity88,intensity89,intensity90,intensity91,intensity92,intensity93,intensity94,intensity95,intensity96,intensity97,intensity98,intensity99,intensity100,intensity101,intensity102,intensity103,intensity104,intensity105,intensity106,intensity107,intensity108,intensity109,intensity110,intensity111,intensity112,intensity113,intensity114,intensity115,intensity116,intensity117,intensity118,intensity119,intensity120,intensity121,intensity122,intensity123,intensity124,intensity125,intensity126,intensity127,intensity128,intensity129,intensity130,intensity131,intensity132,intensity133,intensity134,intensity135,intensity136,intensity137,intensity138,intensity139,intensity140,intensity141,intensity142,intensity143,intensity144,intensity145,intensity146,intensity147,intensity148,intensity149,intensity150,intensity151,intensity152,intensity153,intensity154,intensity155,intensity156,intensity157,intensity158,intensity159,intensity160,intensity161,intensity162,intensity163,intensity164,intensity165,intensity166,intensity167,intensity168,intensity169,intensity170,intensity171,intensity172,intensity173,intensity174,intensity175,intensity176,intensity177,intensity178,intensity179,intensity180,intensity181,intensity182,intensity183,intensity184,intensity185,intensity186,intensity187,intensity188,intensity189,intensity190,intensity191,intensity192,intensity193,intensity194,intensity195,intensity196,intensity197,intensity198,intensity199,intensity200,intensity201,intensity202,intensity203,intensity204,intensity205,intensity206,intensity207,intensity208,intensity209,intensity210,intensity211,intensity212,intensity213,intensity214,intensity215,intensity216,intensity217,intensity218,intensity219,intensity220,intensity221,intensity222,intensity223,intensity224,intensity225,intensity226,intensity227,intensity228,intensity229,intensity230,intensity231,intensity232,intensity233,intensity234,intensity235,intensity236,intensity237,intensity238,intensity239,intensity240,intensity241,intensity242,intensity243,intensity244,intensity245,intensity246,intensity247,intensity248,intensity249,intensity250,intensity251,intensity252,intensity253,intensity254,intensity255,intensity256,intensity257,intensity258,intensity259,intensity260,intensity261,intensity262,intensity263,intensity264,intensity265,intensity266,intensity267,intensity268,intensity269,intensity270,intensity271,intensity272,intensity273,intensity274,intensity275,intensity276,intensity277,intensity278,intensity279,intensity280,intensity281,intensity282,intensity283,intensity284,intensity285,intensity286,intensity287,intensity288,intensity289,intensity290,intensity291,intensity292,intensity293,intensity294,intensity295,intensity296,intensity297,intensity298,intensity299,intensity300,intensity301,intensity302,intensity303,intensity304,intensity305,intensity306,intensity307,intensity308,intensity309,intensity310,intensity311,intensity312,intensity313,intensity314,intensity315,intensity316,intensity317,intensity318,intensity319,intensity320,intensity321,intensity322,intensity323,intensity324,intensity325,intensity326,intensity327,intensity328,intensity329,intensity330,intensity331,intensity332,intensity333,intensity334,intensity335,intensity336,intensity337,intensity338,intensity339,intensity340,intensity341,intensity342,intensity343,intensity344,intensity345,intensity346,intensity347,intensity348,intensity349,intensity350,intensity351,intensity352,intensity353,intensity354,intensity355,intensity356,intensity357,intensity358,intensity359,intensity360,intensity361,intensity362,intensity363,intensity364,intensity365,intensity366,intensity367,intensity368,intensity369,intensity370,intensity371,intensity372,intensity373,intensity374,intensity375,intensity376,intensity377,intensity378,intensity379,intensity380,intensity381,intensity382,intensity383,intensity384,intensity385,intensity386,intensity387,intensity388,intensity389,intensity390,intensity391,intensity392,intensity393,intensity394,intensity395,intensity396,intensity397,intensity398,intensity399,intensity400,intensity401,intensity402,intensity403,intensity404,intensity405,intensity406,intensity407,intensity408,intensity409,intensity410,intensity411,intensity412,intensity413,intensity414,intensity415,intensity416,intensity417,intensity418,intensity419,intensity420,intensity421,intensity422,intensity423,intensity424,intensity425,intensity426,intensity427,intensity428,intensity429,intensity430,intensity431,intensity432,intensity433,intensity434,intensity435,intensity436,intensity437,intensity438,intensity439,intensity440,intensity441,intensity442,intensity443,intensity444,intensity445,intensity446,intensity447,intensity448,intensity449,intensity450,intensity451,intensity452,intensity453,intensity454,intensity455,intensity456,intensity457,intensity458,intensity459,intensity460,intensity461,intensity462,intensity463,intensity464,intensity465,intensity466,intensity467,intensity468,intensity469,intensity470,intensity471,intensity472,intensity473,intensity474,intensity475,intensity476,intensity477,intensity478,intensity479,intensity480,intensity481,intensity482,intensity483,intensity484,intensity485,intensity486,intensity487,intensity488,intensity489,intensity490,intensity491,intensity492,intensity493,intensity494,intensity495,intensity496,intensity497,intensity498,intensity499,intensity500,intensity501,intensity502,intensity503,intensity504,intensity505,intensity506,intensity507,intensity508,intensity509,intensity510,intensity511,intensity512,intensity513,intensity514,intensity515,intensity516,intensity517,intensity518,intensity519,intensity520,intensity521,intensity522,intensity523,intensity524,intensity525,intensity526,intensity527,intensity528,intensity529,intensity530,intensity531,intensity532,intensity533,intensity534,intensity535,intensity536,intensity537,intensity538,intensity539,intensity540,intensity541,intensity542,intensity543,intensity544,intensity545,intensity546,intensity547,intensity548,intensity549,intensity550,intensity551,intensity552,intensity553,intensity554,intensity555,intensity556,intensity557,intensity558,intensity559,intensity560,intensity561,intensity562,intensity563,intensity564,intensity565,intensity566,intensity567,intensity568,intensity569,intensity570,intensity571,intensity572,intensity573,intensity574,intensity575,intensity576,intensity577,intensity578,intensity579,intensity580,intensity581,intensity582,intensity583,intensity584,intensity585,intensity586,intensity587,intensity588,intensity589,intensity590,intensity591,intensity592,intensity593,intensity594,intensity595,intensity596,intensity597,intensity598,intensity599,intensity600,intensity601,intensity602,intensity603,intensity604,intensity605,intensity606,intensity607,intensity608,intensity609,intensity610,intensity611,intensity612,intensity613,intensity614,intensity615,intensity616,intensity617,intensity618,intensity619,intensity620,intensity621,intensity622,intensity623,intensity624,intensity625,intensity626,intensity627,intensity628,intensity629,intensity630,intensity631,intensity632,intensity633,intensity634,intensity635,intensity636,intensity637,intensity638,intensity639,intensity640,intensity641,intensity642,intensity643,intensity644,intensity645,intensity646,intensity647,intensity648,intensity649,intensity650,intensity651,intensity652,intensity653,intensity654,intensity655,intensity656,intensity657,intensity658,intensity659,intensity660,intensity661,intensity662,intensity663,intensity664,intensity665,intensity666,intensity667,intensity668,intensity669,intensity670,intensity671,intensity672,intensity673,intensity674,intensity675,intensity676,intensity677,intensity678,intensity679,intensity680,intensity681,intensity682,intensity683,intensity684,intensity685,intensity686,intensity687,intensity688,intensity689,intensity690,intensity691,intensity692,intensity693,intensity694,intensity695,intensity696,intensity697,intensity698,intensity699,intensity700,intensity701,intensity702,intensity703,intensity704,intensity705,intensity706,intensity707,intensity708,intensity709,intensity710,intensity711,intensity712,intensity713,intensity714,intensity715,intensity716,intensity717,intensity718,intensity719,intensity720,intensity721,intensity722,intensity723,intensity724,intensity725,intensity726,intensity727,intensity728,intensity729,intensity730,intensity731,intensity732,intensity733,intensity734,intensity735,intensity736,intensity737,intensity738,intensity739,intensity740,intensity741,intensity742,intensity743,intensity744,intensity745,intensity746,intensity747,intensity748,intensity749,intensity750,intensity751,intensity752,intensity753,intensity754,intensity755,intensity756,intensity757,intensity758,intensity759,intensity760,intensity761,intensity762,intensity763,intensity764,intensity765,intensity766,intensity767,intensity768,intensity769,intensity770,intensity771,intensity772,intensity773,intensity774,intensity775,intensity776,intensity777,intensity778,intensity779,intensity780,intensity781,intensity782,intensity783
50,51,52,51,51,52,52,54,53,51,53,52,52,52,53,53,52,52,53,51,51,52,52,52,51,53,54,54,51,51,53,52,53,53,52,53,53,52,52,53,54,54,52,51,52,53,54,53,53,52,52,53,51,53,54,52,52,51,51,51,51,53,54,53,53,52,53,54,55,54,52,53,53,53,53,54,54,54,54,52,53,55,53,53,50,50,52,52,52,53,54,53,54,52,53,54,53,55,56,55,53,54,54,54,53,52,54,53,52,53,53,54,51,53,52,53,54,53,52,54,53,52,54,54,53,52,54,51,51,52,53,52,54,53,52,54,52,54,52,53,52,51,51,54,53,54,53,53,53,54,54,54,55,55,57,64,172,151,66,54,53,55,54,54,54,53,53,56,51,52,53,54,54,55,55,53,52,53,53,55,53,50,141,130,59,55,167,55,54,54,53,54,54,55,55,56,53,53,52,53,54,54,54,52,54,53,53,53,50,150,89,58,57,54,158,53,52,53,52,53,53,54,55,55,52,54,51,53,52,53,53,54,54,55,52,51,148,66,53,55,54,60,68,57,55,54,53,52,53,53,54,54,54,52,53,54,52,55,53,54,54,53,52,77,69,55,56,53,53,180,55,54,54,53,52,53,54,53,53,54,53,55,54,54,53,53,54,54,54,53,55,164,55,55,54,56,152,60,55,53,55,54,54,53,55,53,54,55,54,54,52,54,56,53,54,58,57,54,117,68,54,51,77,160,57,56,55,55,52,54,54,53,58,51,56,55,53,52,54,54,55,55,53,52,55,57,106,55,54,181,151,162,68,55,55,52,53,55,54,54,54,55,57,53,53,53,55,53,53,55,55,54,49,167,56,54,55,53,54,63,86,170,53,52,54,52,55,54,54,53,55,55,55,55,55,55,55,55,53,54,52,133,55,56,54,57,55,53,51,58,96,52,53,53,54,54,54,54,55,54,55,55,54,53,54,54,53,53,99,67,57,56,55,55,54,54,54,51,179,55,54,55,54,54,54,56,53,54,56,55,55,53,53,54,55,56,165,76,55,56,56,56,57,56,57,60,152,55,56,58,56,55,56,56,55,57,54,55,55,53,56,56,53,54,197,57,57,54,56,56,55,53,62,183,72,56,56,56,54,55,56,55,56,55,54,55,55,55,55,54,54,53,70,159,175,178,151,140,171,174,137,57,58,54,55,56,57,57,56,56,55,57,54,54,55,56,55,56,53,181,70,66,56,55,57,58,60,57,54,55,57,57,54,55,55,55,54,54,56,55,54,54,54,56,56,55,55,170,79,58,58,56,57,58,56,55,55,55,56,56,54,53,55,54,56,56,54,56,54,53,55,54,54,56,57,173,56,57,56,57,56,56,56,54,56,55,56,54,54,56,56,58,56,55,55,55,55,54,55,55,54,53,60,68,57,55,56,56,57,55,55,55,55,55,55,55,55,54,55,55,55,56,56,57,55,53,56,54,54,54,52,56,54,55,54,54,54,55,56,54,54,56,55,55,57,55,55,56,56,56,55,54,55,56,54,55,56,54,55,54,55,56,55,55,54,54,55,56,56,56,56,55,56,55,56,57,57,57,57,56,56,55,55,55,54,55,55,54,54,55,57,56,56,54,56,56,55,55,57,57,55,56,56,57,56,56,56,54,55,57,56,54,54,54,56,56,55,57,56,57,55,56,55,55,55,55,54,56,57,57,56,56,57,56,55,56,55,56,57,57,56,55,56,56,55,56,58,58,56,56,56,57,56,56,57,57,55,57,57,56,58,56,57,57
49,53,53,53,52,50,50,49,45,50,49,47,48,49,49,49,49,48,51,52,51,53,50,52,48,48,48,47,54,53,54,54,52,49,52,50,51,48,48,50,48,48,48,47,49,50,49,52,51,51,50,53,49,49,47,47,52,51,54,53,50,49,50,49,49,50,48,49,48,49,51,48,49,51,50,53,53,51,53,52,50,49,48,47,54,53,54,54,50,50,51,50,51,49,48,49,47,50,50,49,50,51,50,50,52,51,52,51,49,48,46,48,55,52,55,53,52,51,50,50,50,50,51,50,49,47,51,50,50,50,51,49,53,51,51,48,47,50,48,47,54,53,53,53,52,51,49,51,51,49,49,49,50,50,53,51,51,52,53,51,52,50,48,49,47,47,45,47,52,53,54,53,52,49,50,49,49,50,49,48,52,52,52,50,50,50,52,52,53,51,48,50,50,49,48,47,54,54,52,54,51,52,51,51,51,49,47,50,49,51,52,50,53,52,52,51,51,50,49,48,46,50,48,51,56,56,55,56,54,53,54,54,49,50,51,52,51,50,54,53,53,54,50,50,52,52,47,50,49,48,49,49,55,54,54,54,53,53,51,52,50,49,48,48,47,49,50,53,54,47,164,50,50,50,50,46,47,49,49,49,54,54,55,55,55,54,52,50,51,52,50,52,52,49,49,51,51,188,82,52,52,50,51,47,49,48,48,48,55,52,55,54,53,52,53,53,52,50,66,132,118,144,174,69,177,59,50,51,53,49,51,49,50,48,49,46,55,56,53,53,53,51,53,55,51,52,87,50,55,55,48,180,172,66,49,50,54,50,49,48,47,46,49,49,54,54,53,56,54,54,53,52,48,149,53,51,52,49,151,86,61,170,73,52,51,51,49,50,48,50,49,48,54,54,54,53,54,52,53,50,165,111,49,54,50,181,62,54,53,50,160,73,51,50,49,52,49,49,49,50,57,54,54,55,54,53,55,51,187,52,48,65,166,55,57,54,58,55,57,171,74,49,50,49,48,48,50,49,53,55,53,53,56,55,55,50,158,111,183,127,53,56,55,52,55,53,54,55,142,117,50,49,48,50,48,47,54,54,52,50,54,53,52,53,66,80,61,48,52,54,54,51,54,52,53,52,50,59,73,48,48,48,49,48,52,53,53,53,56,55,52,52,53,54,54,56,54,54,53,52,51,52,51,49,50,49,49,48,49,48,48,47,53,52,52,55,53,52,53,52,52,55,51,53,57,54,54,53,52,51,53,50,49,51,46,46,50,49,49,50,57,54,57,54,55,54,52,52,52,54,54,54,52,54,54,52,53,50,51,53,52,49,48,49,49,48,48,50,54,54,55,54,54,53,52,52,53,55,53,52,54,53,53,53,53,51,54,50,50,51,51,49,48,49,47,48,55,56,57,56,54,54,53,54,55,52,52,53,52,55,53,52,53,54,53,51,50,51,50,49,51,48,50,48,56,58,54,55,56,52,54,52,52,53,54,53,55,53,53,55,52,53,52,51,51,50,50,52,49,49,48,48,55,55,56,56,55,54,53,53,53,52,52,55,54,55,56,57,53,52,50,53,50,51,50,49,49,47,48,48,56,57,56,57,54,53,52,52,53,51,54,53,53,53,54,53,52,52,50,51,53,50,49,51,49,48,47,50,55,55,57,54,54,53,52,55,52,53,51,53,55,53,54,52,52,53,52,52,52,55,50,50,49,48,48,49,55,56,57,56,53,55,56,54,52,53,52,53,54,54,54,54,52,51,52,54,55,52,52,52,49,52,48,48
57,58,55,59,54,52,51,52,52,50,51,51,51,54,53,52,55,55,49,50,50,49,48,47,47,49,48,48,62,57,55,56,54,52,51,50,49,50,51,51,56,54,52,53,52,61,53,51,49,51,49,48,49,48,46,47,57,55,55,57,52,55,52,51,50,51,49,52,56,54,53,53,53,54,52,51,50,51,49,49,46,46,48,50,56,58,56,56,52,51,53,50,53,49,50,48,49,55,53,53,50,49,51,49,50,50,49,51,48,47,48,49,60,54,56,53,53,52,54,50,51,50,50,52,51,52,53,53,54,52,50,50,50,53,51,49,49,49,49,49,57,57,54,53,52,52,51,52,50,51,52,51,53,52,53,52,50,51,51,52,50,51,50,51,50,47,49,49,59,58,56,56,53,49,51,49,50,52,52,52,53,53,53,53,51,50,49,49,50,49,49,48,50,50,48,49,57,56,56,52,53,51,52,50,50,51,53,52,53,52,52,54,55,46,50,53,50,49,49,49,48,49,49,49,55,54,52,52,50,47,48,48,49,50,53,53,54,54,53,55,59,117,54,52,50,52,50,49,47,50,48,49,54,52,52,51,51,51,51,51,50,53,51,52,52,54,55,60,54,154,53,49,51,49,48,49,49,50,47,50,55,53,52,51,51,51,51,51,52,53,53,53,56,53,135,59,55,154,54,51,52,51,50,50,49,50,50,51,52,53,51,50,52,51,53,52,53,55,54,50,55,149,174,54,81,162,55,52,53,51,46,49,50,49,50,49,54,56,55,54,54,51,51,53,52,53,54,53,153,79,163,72,93,71,55,52,56,53,52,51,50,49,51,52,59,56,53,53,52,52,52,51,51,53,52,55,132,61,89,107,179,59,59,58,52,53,53,51,51,51,51,51,58,60,57,54,54,52,50,51,53,53,52,60,63,56,63,148,65,55,55,52,52,52,53,52,50,52,50,50,58,58,56,54,53,52,51,52,52,51,52,111,55,53,59,171,57,55,55,53,52,52,53,53,51,52,53,53,56,55,57,57,56,52,51,51,51,50,53,148,60,59,176,84,161,58,52,50,51,51,52,51,51,51,52,52,58,55,57,57,58,55,52,54,52,51,68,125,55,164,60,57,107,175,66,52,54,52,52,52,52,53,51,53,56,56,59,60,60,59,53,56,54,53,53,161,139,56,56,56,60,57,52,54,53,52,51,52,51,52,51,53,56,56,56,58,57,58,55,53,55,55,53,52,52,58,57,56,59,61,59,56,55,51,51,51,53,51,51,52,56,56,57,57,53,54,54,53,55,54,54,54,55,55,55,54,53,56,55,55,54,52,51,51,51,52,51,53,56,56,57,59,55,55,53,56,53,54,55,55,55,56,59,58,58,56,54,53,53,52,53,52,53,53,53,51,58,57,58,58,51,52,52,53,53,54,55,54,54,55,57,56,56,56,55,52,55,53,53,53,53,54,51,50,56,56,56,52,55,52,53,53,53,54,56,55,53,55,55,56,58,56,54,53,52,53,52,52,53,52,53,53,61,60,58,53,52,54,54,55,57,54,54,55,61,64,59,59,58,55,52,52,50,52,52,51,52,53,54,54,56,59,59,55,54,53,55,53,53,54,55,56,56,56,57,55,56,55,52,50,52,50,52,51,52,51,56,53,59,56,56,54,53,53,53,52,52,54,56,54,55,56,56,55,56,55,53,52,50,51,52,52,54,54,57,55,56,58,58,53,52,51,53,53,53,54,53,55,58,58,59,56,53,56,52,53,52,51,51,54,51,54,58,55
51,52,53,53,53,51,49,50,50,53,52,53,52,51,52,52,53,51,50,47,50,48,48,48,48,47,49,49,51,53,53,54,53,51,50,51,51,53,50,52,51,51,52,51,51,50,50,47,49,47,48,50,48,48,47,48,52,55,54,54,54,52,52,51,51,50,51,51,52,51,50,50,50,49,48,49,48,47,47,48,48,48,49,48,53,54,54,54,54,55,55,51,53,52,52,52,51,52,52,50,49,48,48,47,48,48,48,47,48,49,47,48,58,56,54,55,55,52,52,52,54,53,50,53,54,52,50,52,50,50,50,49,51,48,47,47,46,48,48,47,57,55,54,55,55,53,53,52,50,52,52,50,54,53,53,51,49,50,49,50,50,49,48,46,49,47,48,47,55,57,55,55,52,51,52,53,50,53,53,53,51,54,53,51,52,51,52,50,49,49,48,47,48,47,48,47,56,56,54,55,53,54,51,51,50,53,51,50,50,53,53,51,50,48,51,52,50,50,49,47,47,48,48,50,56,57,57,54,51,53,54,53,53,51,50,51,50,54,54,53,52,51,51,49,50,47,49,50,49,50,49,49,56,55,56,55,54,53,58,54,51,48,50,52,53,53,52,53,52,50,48,49,46,50,49,49,48,48,49,49,57,55,55,55,56,54,53,53,47,47,158,183,56,54,52,53,51,48,45,50,150,118,50,49,48,47,49,50,54,55,55,55,54,53,52,52,50,114,55,68,185,51,52,50,48,50,108,146,60,52,47,50,48,48,48,49,58,58,56,57,53,57,53,52,52,147,52,53,169,59,52,51,46,168,69,46,49,49,49,48,48,50,50,49,57,58,56,57,53,53,52,50,93,58,51,52,104,145,51,51,178,57,52,53,48,51,51,50,49,49,48,50,55,58,57,58,52,50,52,49,193,81,51,49,54,183,160,127,55,55,53,50,49,50,49,51,50,49,50,50,52,56,55,55,55,54,51,100,199,52,54,56,47,182,143,57,54,52,51,52,50,51,48,51,52,50,49,49,56,57,56,56,57,55,52,50,109,51,60,183,81,59,168,94,54,54,52,48,49,49,52,52,49,50,48,50,57,59,56,55,56,56,55,49,154,171,107,56,52,52,56,171,132,60,56,49,49,50,50,49,47,49,48,50,56,56,57,57,57,56,55,55,67,52,55,50,52,53,54,53,58,105,115,123,50,50,49,49,47,50,50,49,56,55,57,57,56,56,55,54,55,54,53,52,54,54,54,54,56,54,51,52,47,49,50,51,52,50,49,49,57,57,57,56,56,56,58,54,53,52,53,51,55,59,55,51,54,55,50,51,51,51,50,52,51,49,49,50,57,56,53,58,55,55,55,54,52,51,53,50,56,59,56,56,54,54,53,47,51,49,49,48,51,50,51,49,56,54,54,53,58,56,52,51,53,53,52,50,54,56,56,58,55,55,54,52,50,49,51,50,51,50,47,51,54,57,55,55,56,53,53,54,51,53,53,51,54,57,55,55,55,56,53,51,51,51,50,51,51,48,48,48,54,55,55,55,56,53,52,51,55,52,51,53,55,57,55,54,56,55,54,50,49,52,48,50,51,50,49,49,56,58,57,55,54,54,54,52,52,52,51,53,56,55,55,57,53,54,54,52,51,52,49,50,49,50,50,50,57,58,56,59,54,54,52,53,51,52,53,55,60,57,56,58,59,57,53,52,51,52,49,51,50,49,51,52,56,57,58,58,55,53,51,53,52,53,52,54,54,56,57,55,57,54,53,52,52,52,49,48,48,52,53,49
53,55,54,54,55,56,56,55,55,55,54,55,56,55,54,54,55,55,55,55,56,56,56,56,57,54,55,54,55,54,53,55,52,54,56,55,55,54,53,54,54,53,55,54,56,55,55,55,56,55,55,54,54,55,55,54,55,54,55,53,55,54,55,55,56,55,55,55,57,54,54,53,54,55,55,55,54,55,55,55,56,55,56,55,54,55,52,55,55,53,57,55,54,55,57,58,57,55,53,54,54,56,54,55,53,54,55,56,56,55,55,55,54,54,55,54,56,54,55,57,56,55,56,56,58,55,54,55,54,54,56,55,56,53,54,54,55,55,55,55,55,56,55,55,55,56,54,55,54,54,54,55,55,53,55,55,55,54,55,53,54,56,56,56,55,57,56,55,55,55,54,56,55,55,58,55,54,55,55,54,55,54,55,55,57,55,54,52,166,94,55,56,55,57,56,57,55,55,55,55,55,55,56,56,56,56,54,56,55,55,56,55,56,55,54,186,63,56,55,56,56,56,55,57,55,55,55,56,54,56,57,58,59,60,121,177,164,59,56,57,57,53,182,64,57,56,56,58,57,56,57,55,55,56,55,55,57,57,56,50,123,125,62,57,60,145,57,57,57,135,100,60,56,56,57,57,56,56,57,55,53,56,54,55,55,57,58,200,106,57,60,57,52,192,57,57,79,166,58,55,56,56,55,57,57,56,57,57,57,54,56,56,57,58,55,127,58,55,58,58,58,196,58,56,191,61,57,55,56,56,57,56,56,56,56,55,55,56,54,57,57,56,57,78,63,57,58,57,54,174,56,158,70,58,57,56,56,56,56,55,57,56,56,56,55,56,56,55,56,57,57,61,57,57,57,57,71,191,60,175,59,55,55,56,57,57,57,57,57,56,57,57,56,57,57,57,56,57,56,58,57,57,58,58,59,170,187,61,62,104,59,56,58,58,58,59,57,59,60,60,58,61,60,59,56,56,57,58,58,57,59,57,54,73,191,174,60,59,56,57,57,58,57,56,57,59,59,59,58,58,58,60,59,59,58,56,57,57,58,56,54,184,59,58,57,56,58,58,58,56,59,58,58,58,58,58,58,57,59,58,60,57,57,58,58,58,57,58,176,64,58,58,59,58,58,58,58,58,58,57,57,58,58,58,58,58,58,58,58,58,57,57,59,59,56,78,80,57,58,56,58,58,58,57,58,57,57,57,57,56,58,57,57,56,58,59,57,58,57,58,57,56,55,190,62,58,57,55,58,56,58,58,57,57,57,58,57,58,58,57,60,58,57,58,57,57,58,57,56,55,169,73,59,58,56,56,58,57,57,57,59,58,57,56,58,56,57,57,56,59,58,59,59,59,58,57,57,55,171,60,57,56,57,58,58,58,56,56,57,59,58,59,57,57,58,59,59,58,58,58,58,59,59,57,57,55,175,60,58,58,58,59,57,58,56,60,58,57,57,58,59,59,60,59,57,57,58,59,57,58,58,57,58,57,161,58,59,56,58,57,58,56,58,56,57,58,56,59,58,59,60,60,60,60,58,58,58,59,58,56,59,58,56,57,98,59,58,56,56,56,55,55,57,56,56,56,56,61,60,59,58,59,60,59,57,57,58,57,57,55,59,57,57,57,56,57,57,57,55,54,54,56,55,55,57,59,58,60,59,59,58,59,59,57,57,58,57,56,56,56,56,56,57,57,56,55,55,55,55,55,55,56,54,58,57,59,60,59,60,59,57,57,57,57,57,58,56,57,56,56,56,56,57,57,56,56,55,55,54,56,55,55,55,57
57,58,55,57,57,57,58,59,59,60,58,57,54,56,56,56,57,56,55,58,53,53,55,54,54,56,55,56,56,58,59,57,57,57,59,60,59,59,57,57,56,54,54,56,56,55,56,55,56,55,55,56,56,57,57,58,57,57,58,58,57,58,59,63,58,60,62,59,59,57,56,56,57,57,57,56,55,55,55,56,57,56,57,58,56,57,57,57,58,56,56,60,59,60,59,59,59,56,56,56,57,56,57,55,55,56,56,57,56,56,57,58,56,57,56,57,58,55,58,59,58,60,60,58,60,58,57,56,56,57,56,56,55,55,55,58,55,54,56,55,57,57,57,57,57,57,59,59,60,60,61,60,62,61,57,58,56,56,55,55,187,54,56,56,57,58,57,58,57,59,57,56,58,57,58,58,57,55,58,58,60,59,58,56,55,57,59,197,61,80,55,56,58,56,58,59,57,56,56,56,56,58,63,59,197,200,64,64,57,59,58,57,57,54,145,98,59,56,57,55,57,57,58,59,59,57,58,58,57,58,58,57,69,62,114,140,56,59,60,57,57,61,126,60,56,57,57,60,57,56,58,56,56,60,58,57,60,59,59,60,59,57,57,157,61,60,59,58,57,183,60,54,56,56,57,56,55,56,56,58,58,60,58,60,60,59,59,58,59,57,57,59,181,56,57,56,179,95,58,58,56,58,57,57,57,58,58,57,57,58,58,58,60,60,58,57,56,59,57,53,164,62,57,54,176,56,58,55,57,58,57,56,57,58,57,61,62,58,58,60,59,59,56,58,60,59,58,57,71,99,57,199,59,53,56,57,56,58,58,58,56,59,57,57,60,57,57,57,59,57,57,59,59,59,59,58,61,109,128,131,56,56,56,58,57,58,58,57,57,57,59,59,58,58,58,58,57,58,61,59,62,62,61,59,63,84,183,55,56,57,55,56,57,58,58,57,57,56,57,59,57,59,57,59,59,58,64,62,62,62,63,60,113,157,60,58,56,58,57,58,59,58,57,58,57,58,57,58,60,58,59,57,57,60,60,60,62,59,59,58,60,170,56,58,58,59,57,59,57,58,57,60,58,59,59,60,58,57,58,58,57,58,62,62,62,64,60,58,185,58,57,57,57,59,60,57,59,57,58,58,59,60,61,57,59,57,56,57,57,61,61,58,61,62,64,63,139,57,57,56,56,59,61,59,59,58,61,58,60,60,60,58,58,58,58,60,60,62,62,59,62,61,61,185,57,56,57,58,59,58,61,59,59,58,58,57,61,58,58,59,59,59,58,57,59,59,63,62,62,62,74,82,57,56,57,55,56,58,59,60,58,58,58,56,57,57,57,56,58,60,60,60,59,59,58,61,62,57,146,61,58,58,57,57,59,59,57,58,58,58,57,57,57,57,58,57,57,58,59,59,58,58,63,61,59,60,127,58,59,56,57,57,59,58,59,60,59,59,60,57,59,60,58,56,59,59,58,59,61,61,62,61,60,61,98,57,62,58,58,57,61,59,59,62,59,61,60,59,60,58,58,58,59,60,58,59,62,61,63,59,61,61,99,62,59,60,58,58,58,57,57,59,60,62,61,63,61,57,58,58,58,59,59,58,61,62,63,62,66,61,68,61,61,58,58,58,59,58,59,57,59,60,60,62,59,60,58,57,61,60,59,62,61,61,61,61,60,62,62,59,59,59,58,58,58,60,58,59,59,61,59,58,59,60,60,59,62,62,60,62,59,62,62,60,61,59,61,60,61,58,59,56,58,58,58,60,58,60,59,62,59,58,58,59
55,55,56,56,54,57,56,56,55,55,55,54,57,55,59,57,57,56,56,56,56,57,57,58,57,58,57,57,55,55,55,56,55,57,56,56,56,55,55,56,57,56,55,56,57,57,56,56,56,57,57,57,58,57,56,56,56,55,55,57,58,57,56,57,57,56,55,56,56,55,56,57,55,57,57,56,57,56,56,57,57,55,56,57,56,56,55,56,57,58,56,57,56,57,58,57,56,58,56,57,56,56,55,56,57,58,57,56,55,56,56,56,55,56,56,57,58,57,58,57,57,57,57,58,56,56,56,56,56,56,57,57,58,59,57,56,59,55,55,58,57,57,57,55,57,55,57,56,56,56,55,57,57,57,56,55,55,57,55,56,56,57,58,58,57,57,58,59,57,57,55,56,57,57,57,57,57,53,80,106,60,57,55,58,56,56,55,91,53,58,57,57,58,57,58,58,55,55,56,59,58,58,55,56,57,57,74,78,167,56,56,57,58,55,198,64,58,56,57,59,60,58,59,56,57,56,58,56,59,57,57,56,60,58,79,54,126,64,57,58,56,150,73,55,57,57,58,58,57,58,56,59,58,58,57,57,57,57,55,56,57,56,58,59,53,109,58,57,69,139,60,59,57,58,57,58,58,57,58,57,57,57,56,58,57,57,56,57,57,57,57,57,54,160,59,54,160,58,58,58,57,57,57,56,57,57,57,58,58,58,56,57,55,58,58,57,58,58,56,57,56,187,57,183,61,57,60,58,57,57,57,57,57,56,56,58,56,59,58,57,57,57,58,56,58,58,58,56,58,141,164,78,60,59,58,59,57,58,57,57,57,57,57,59,57,56,57,57,56,57,57,57,57,57,57,58,57,133,187,63,58,56,57,56,57,57,59,58,58,57,56,57,55,56,58,58,57,56,56,58,58,58,59,57,51,190,138,58,57,57,58,57,57,58,58,58,58,59,58,59,57,58,57,58,57,57,57,59,58,57,59,58,55,178,61,57,57,58,56,57,57,56,58,58,58,59,58,57,56,59,58,56,57,56,57,57,55,57,57,57,175,59,58,58,57,57,56,58,57,56,57,58,58,57,58,57,58,58,60,58,58,58,57,57,57,57,56,59,162,58,59,57,57,55,57,58,58,57,57,58,58,59,58,57,58,59,57,59,57,57,57,58,57,58,58,161,62,58,59,59,59,56,58,57,59,59,60,58,58,58,59,57,58,59,58,59,59,58,58,57,58,56,53,183,58,59,58,56,57,57,58,58,57,59,59,58,59,58,59,58,57,57,60,59,58,58,57,59,58,57,109,64,58,59,58,57,59,58,58,59,58,59,59,58,58,60,61,58,58,56,58,59,56,58,59,57,58,57,184,58,58,58,59,59,57,58,59,59,57,57,59,58,57,59,57,57,58,57,59,58,58,59,58,58,58,56,142,60,61,59,57,57,57,58,58,58,59,59,59,59,58,59,58,57,60,57,58,61,58,60,59,57,58,55,91,59,59,59,58,57,59,58,57,58,59,59,58,58,59,59,58,59,60,58,58,58,59,57,56,59,57,56,73,57,58,58,57,58,58,57,58,59,58,58,59,58,58,59,59,58,58,58,58,59,59,59,59,57,59,58,69,59,60,59,59,58,58,58,59,57,57,58,57,58,58,58,58,60,58,57,58,59,61,58,57,59,58,58,56,59,60,57,58,60,59,59,59,59,58,59,59,58,59,59,58,59,59,58,59,58,57,58,58,57,57,57,57,59,57,58,58,58,60,58,58,57,59,58,59,62,59,59,59,61
46,47,48,48,48,46,45,45,45,45,45,45,45,46,48,48,45,44,46,45,46,44,46,46,46,48,46,46,45,47,47,48,47,46,47,47,48,46,45,45,44,47,47,47,45,47,46,45,46,46,44,46,45,47,47,48,47,47,47,47,46,47,47,47,47,47,47,46,47,46,48,46,45,45,45,46,45,46,45,47,45,47,48,47,46,48,46,49,46,47,47,46,46,46,48,48,47,46,47,46,45,45,47,47,45,46,46,45,44,46,47,47,47,48,48,48,47,48,49,48,45,46,47,47,46,46,48,47,46,46,46,47,46,47,47,46,46,46,45,46,48,47,48,48,48,47,47,48,48,47,48,47,48,47,46,46,46,46,47,49,48,45,44,46,46,45,45,46,48,48,47,46,46,48,49,47,47,50,47,47,47,49,49,46,48,45,47,47,46,47,48,47,46,47,45,47,48,48,48,50,47,47,46,48,49,48,47,49,47,46,45,45,46,46,45,45,46,47,46,47,46,45,46,46,48,49,47,48,47,49,48,48,48,48,47,50,47,49,47,46,46,46,46,48,47,46,47,47,46,47,46,47,49,47,49,48,49,48,48,47,46,47,49,46,50,49,48,47,47,48,47,48,47,45,48,48,47,47,47,46,50,50,48,49,48,49,47,48,49,48,49,50,52,50,47,45,47,45,48,47,53,137,52,48,48,46,46,46,50,47,50,48,48,48,50,48,48,48,47,47,50,48,49,46,49,47,50,63,136,61,47,47,46,46,48,48,49,48,49,50,49,49,48,47,47,47,52,51,134,175,162,176,53,51,106,159,58,46,48,47,46,48,48,48,51,50,49,50,48,50,48,47,48,104,168,89,51,48,48,49,137,165,129,53,50,48,48,48,47,49,48,47,50,50,50,47,50,51,52,49,151,69,50,49,47,48,50,119,162,149,58,48,49,48,50,49,46,48,47,47,52,49,50,50,49,49,90,121,51,50,52,49,49,133,172,64,54,51,187,54,51,49,50,48,47,48,47,48,52,50,49,49,55,181,64,50,54,51,56,167,149,73,52,50,50,52,137,57,51,51,50,49,49,48,49,49,51,51,53,49,171,65,52,48,91,164,176,75,50,48,50,49,48,48,58,170,53,48,50,49,46,49,48,48,52,50,50,62,158,171,168,149,61,56,52,51,52,51,51,50,50,51,51,137,84,55,51,48,51,49,48,48,53,49,51,50,58,53,53,51,49,50,49,51,51,49,51,52,51,52,49,50,162,87,51,49,49,49,51,50,49,50,51,51,50,50,49,51,50,51,50,49,50,51,50,50,50,51,50,49,49,93,172,139,102,54,52,52,50,51,49,52,50,52,49,51,51,52,52,52,51,50,50,51,51,50,52,50,51,49,50,52,50,51,51,52,51,50,50,50,50,49,51,51,52,51,52,52,50,50,51,50,51,51,51,51,50,51,51,54,52,51,51,50,51,50,52,50,50,50,50,51,52,52,51,51,51,50,51,51,54,50,50,52,50,52,50,51,53,50,50,50,52,51,50,50,49,49,52,53,51,51,52,52,51,52,49,49,51,51,51,51,51,50,50,49,50,50,51,50,50,52,50,50,50,51,52,55,51,51,51,52,53,52,53,52,50,52,52,51,50,51,53,50,51,50,49,50,52,52,50,51,51,52,52,52,52,51,52,52,52,52,51,52,50,51,52,50,52,53,51,53,52,50,49,49,52,51,50,51,52,52,53,51,53,52,52,51,52,52,51,51,51,50,51,51,52,52,52,51,50,51,49,51
59,59,58,57,56,55,55,53,52,56,56,54,52,56,56,54,54,54,55,54,52,53,53,56,54,53,53,53,58,58,60,56,53,54,55,55,54,55,56,56,55,56,56,56,55,55,55,54,54,54,52,53,55,53,53,55,56,55,57,56,54,55,55,55,55,57,56,56,55,54,55,56,55,55,54,53,52,53,52,52,53,52,52,53,56,56,57,55,55,55,55,55,56,59,57,58,56,58,57,56,53,54,54,53,53,55,53,52,53,53,52,53,59,57,55,57,55,55,57,56,55,55,57,60,56,57,55,56,55,54,54,54,54,53,53,54,53,52,54,53,58,59,58,54,54,55,55,55,55,58,58,57,57,59,57,55,55,54,55,52,53,53,53,52,54,53,54,54,59,61,60,57,56,56,56,57,57,57,57,58,57,55,52,54,53,53,52,53,53,55,52,54,54,54,54,54,60,60,58,59,56,57,57,57,57,56,58,57,58,57,56,53,72,163,152,57,56,54,53,54,54,53,52,54,59,58,59,56,59,58,56,55,58,59,59,56,57,56,52,158,67,57,110,58,53,54,52,53,51,53,54,53,61,59,58,57,56,58,57,56,57,59,60,58,58,54,155,57,57,54,120,57,54,54,53,55,52,54,53,53,58,58,57,57,55,56,58,58,58,59,60,58,58,109,83,58,56,55,179,62,55,55,54,54,54,54,54,54,59,59,60,55,56,57,58,57,59,58,58,56,52,136,59,57,55,70,108,56,56,54,55,56,54,54,55,54,59,57,56,56,56,60,59,58,59,58,58,53,143,56,53,53,144,145,58,54,56,54,54,56,56,54,54,54,58,58,57,57,59,59,60,58,58,58,57,70,62,52,72,169,102,56,56,55,54,55,54,55,56,54,54,55,57,59,59,58,59,59,58,58,58,55,55,161,57,52,94,66,148,110,53,54,54,56,55,55,54,55,57,56,56,57,58,59,58,58,58,58,59,57,88,59,57,57,54,52,57,119,74,58,56,54,54,54,52,53,56,54,63,61,57,59,58,58,59,59,59,56,175,56,56,56,57,59,56,52,174,57,57,56,54,54,53,54,54,55,62,61,58,57,59,58,59,60,60,144,66,57,56,56,56,56,58,55,190,53,55,57,55,54,54,53,54,55,62,60,59,55,57,57,57,57,56,178,81,53,55,55,56,56,56,72,114,57,56,55,55,55,55,54,55,55,63,60,58,57,56,57,56,57,84,92,152,183,58,62,57,56,158,149,55,56,58,57,54,55,55,56,56,54,61,59,58,59,57,56,57,55,193,60,55,57,58,100,98,77,58,55,57,56,55,54,56,55,55,57,58,57,59,59,59,59,58,57,56,69,204,55,55,55,54,55,54,56,56,55,57,56,56,56,55,54,55,57,58,57,59,61,62,58,57,56,56,150,58,58,58,58,56,57,55,55,57,54,54,55,55,54,55,55,56,58,56,54,62,61,59,58,59,55,57,105,59,58,58,58,58,57,56,59,56,55,54,54,55,54,53,54,56,55,55,57,60,60,61,57,60,58,57,59,58,58,58,58,56,57,58,56,55,55,55,52,55,55,55,55,55,58,57,56,64,61,60,60,59,59,58,60,59,58,56,56,55,54,55,56,56,55,54,55,54,55,55,55,56,56,55,57,63,61,59,60,59,59,60,61,58,59,58,56,55,55,56,56,55,57,55,56,54,55,55,55,57,55,56,56,60,62,60,60,59,58,58,62,57,57,55,54,55,55,57,58,56,55,56,55,56,56,55,56,56,58,55,55
47,50,51,48,54,52,52,52,53,49,48,49,51,49,48,48,49,48,48,50,52,55,53,51,53,53,54,53,51,51,49,49,50,52,53,53,53,48,49,48,49,49,51,52,50,52,51,52,52,54,52,52,51,50,54,54,50,48,51,51,53,53,53,51,55,49,47,48,48,48,48,51,52,51,54,53,52,52,53,53,53,50,50,51,51,50,52,50,52,54,53,52,52,53,49,49,49,50,49,51,52,51,54,53,54,53,53,49,49,50,51,50,49,51,48,53,54,53,52,54,53,50,50,50,47,51,49,51,53,54,54,53,54,53,53,51,52,50,49,50,50,51,52,52,52,54,54,53,54,50,51,51,50,48,47,50,49,51,54,54,53,51,52,51,49,50,51,49,52,50,50,52,52,52,52,52,51,50,50,50,48,48,50,51,51,51,49,51,53,52,54,49,47,48,49,52,49,50,51,51,51,51,50,52,51,50,50,50,51,49,49,49,51,50,50,51,52,51,51,49,48,51,49,51,50,50,50,48,51,49,51,51,52,49,50,49,49,50,51,52,49,50,51,53,51,52,51,49,49,51,51,49,51,51,51,50,49,51,52,49,50,49,47,50,50,49,51,53,51,50,84,79,51,51,50,50,50,49,49,51,51,51,50,51,50,52,51,50,51,55,119,47,49,50,50,52,51,49,164,53,51,51,51,50,49,51,50,51,53,49,50,50,51,50,49,51,85,118,67,156,151,49,49,50,51,170,63,54,52,50,48,53,52,50,52,52,52,53,52,54,55,52,51,49,110,52,55,52,82,168,49,49,142,98,59,55,54,52,53,51,51,52,52,53,53,54,57,55,53,54,52,121,79,53,59,53,50,133,87,98,124,56,54,53,54,53,53,51,53,51,54,55,53,55,55,54,54,53,55,146,54,52,52,52,50,48,178,152,51,52,53,55,52,52,53,51,53,53,54,52,55,55,54,54,54,54,51,183,52,51,51,51,51,85,132,173,53,55,53,53,56,54,52,55,53,55,51,53,52,53,54,55,53,49,52,136,55,54,52,54,174,98,52,117,148,59,55,54,54,56,53,54,54,54,52,52,55,53,54,53,53,53,50,58,155,105,166,168,57,52,51,51,169,71,57,54,54,55,54,53,52,52,54,52,54,55,52,51,54,52,52,52,50,57,51,54,51,54,54,53,53,148,90,53,54,56,53,55,52,54,53,53,55,52,51,51,54,52,52,51,51,47,50,52,51,52,55,54,55,54,138,152,139,58,52,53,51,53,53,53,52,50,52,53,53,52,51,51,51,51,50,52,54,52,55,56,55,54,57,62,60,59,53,56,52,53,52,53,52,52,51,52,53,53,51,51,51,52,51,52,53,53,56,56,56,57,56,54,57,56,53,54,53,53,53,55,52,50,52,52,52,52,50,53,52,52,52,51,52,53,55,55,56,55,57,56,57,58,54,55,53,54,53,55,55,51,51,49,52,53,52,51,50,52,52,53,53,53,57,57,58,55,56,57,60,55,54,56,54,55,52,54,56,52,52,50,52,53,54,51,50,51,52,49,53,53,53,53,53,53,55,52,53,54,55,55,52,56,55,54,55,54,53,53,52,51,51,52,51,51,52,51,52,53,54,54,53,54,52,52,51,54,55,53,54,55,54,53,53,54,54,55,52,52,50,51,51,52,52,51,51,53,53,50,52,51,53,53,53,54,54,54,54,54,55,54,54,54,53,52,53,51,52,51,51,52,52,55,52,50,51,49,53,53,54,53,54,55,54,56,55,55,57,57
53,52,53,52,54,51,53,53,53,50,50,53,51,53,53,51,51,54,51,50,51,51,51,53,53,50,51,49,53,53,52,50,52,51,53,53,53,52,51,53,53,53,55,52,51,53,53,54,51,52,51,51,52,51,51,50,54,54,54,54,52,51,53,53,53,53,52,52,53,52,54,54,54,53,52,53,55,53,52,52,51,51,50,52,53,53,54,53,54,52,52,51,53,53,53,53,53,55,54,55,54,52,55,52,51,53,51,54,50,52,52,51,54,54,53,53,53,52,53,52,51,51,54,55,52,56,57,55,52,46,60,88,58,54,53,55,51,54,52,50,53,53,54,55,53,53,54,53,54,52,53,56,54,55,54,54,62,145,126,61,171,52,53,53,52,51,52,52,53,53,54,53,55,53,52,55,55,53,53,54,54,53,52,122,86,68,53,54,161,53,53,52,53,53,51,52,52,53,55,52,54,52,54,54,56,54,54,56,53,55,144,66,58,51,52,61,64,53,54,52,51,53,51,53,53,51,52,53,51,54,54,56,56,55,53,55,54,122,50,52,53,53,52,170,53,52,51,52,52,52,52,51,51,53,53,53,51,54,53,53,55,55,55,55,123,58,54,55,52,50,94,66,54,52,53,53,52,52,52,53,53,52,51,52,53,54,53,52,54,56,55,79,62,54,54,54,58,147,61,55,53,54,54,53,55,53,53,54,53,52,52,55,54,53,53,53,56,51,55,113,55,55,56,57,138,57,55,55,52,53,53,55,53,53,53,50,52,53,53,53,55,53,55,55,56,51,131,52,54,55,55,53,126,66,55,56,54,55,55,55,51,54,53,53,52,53,53,55,55,54,55,53,53,127,63,55,55,55,55,54,55,163,53,52,53,53,54,53,54,54,54,54,52,53,52,52,55,55,54,55,175,146,62,54,54,54,54,53,57,116,57,54,53,53,53,53,55,54,53,52,53,52,53,55,52,53,54,54,138,78,144,119,57,54,50,55,53,57,76,53,53,53,54,55,53,54,54,56,53,53,52,54,55,54,52,61,66,56,53,64,82,138,133,61,51,101,73,55,53,55,54,54,54,52,54,54,53,54,54,55,55,54,50,100,58,56,55,54,54,55,56,66,96,74,55,55,55,55,54,55,54,53,54,53,54,53,54,54,53,53,156,59,57,55,56,55,55,56,54,56,56,57,56,56,53,54,54,54,54,54,55,54,55,54,55,56,57,53,156,58,56,56,56,53,56,56,55,57,55,55,54,55,54,54,54,55,53,54,54,53,53,54,55,55,55,135,135,59,55,57,56,57,56,55,56,55,54,54,55,55,54,54,56,55,54,53,56,56,54,54,56,55,53,88,118,73,55,56,55,55,56,56,55,54,55,56,55,56,54,54,54,55,53,54,54,54,54,55,53,57,52,166,66,56,54,55,56,56,57,55,55,56,58,56,56,57,56,55,56,53,53,54,54,55,54,54,56,56,53,106,58,52,55,55,55,57,56,55,55,55,55,56,54,56,54,56,56,54,52,53,53,54,54,54,55,54,54,55,55,56,54,55,56,54,54,55,56,57,54,55,55,56,55,56,55,55,55,54,57,54,54,55,55,53,55,54,55,56,55,55,56,55,54,55,56,55,55,56,56,55,54,56,56,55,56,55,56,56,54,52,54,58,54,54,53,54,55,55,54,56,54,55,55,57,56,56,56,56,57,55,55,54,56,55,55,56,52,53,54,53,52,53,54,55,56,56,55,56,56,55,56,56,56,55,55,55,56,55,56,56,55,55,56,54
55,56,57,58,56,57,58,61,59,60,60,60,60,64,62,63,63,60,62,58,57,59,59,59,59,62,59,61,58,58,58,57,58,57,58,59,59,58,58,60,61,64,64,62,61,61,58,58,57,54,59,59,59,59,56,61,57,58,58,57,57,58,58,59,60,58,60,60,63,61,64,67,62,63,60,57,57,164,60,60,58,60,63,58,57,59,57,57,58,58,60,60,60,59,59,60,63,64,62,67,65,61,62,57,89,87,60,58,59,57,63,59,57,57,58,57,56,60,62,60,61,62,62,60,64,64,62,62,65,64,62,57,169,60,59,60,60,60,65,61,56,58,58,59,59,60,63,62,65,65,63,63,62,68,65,64,63,61,60,192,61,58,59,60,59,59,59,62,57,57,59,59,60,62,62,61,61,61,60,62,65,63,64,63,63,65,93,142,58,58,60,59,59,59,59,59,61,60,60,59,61,62,61,61,60,63,177,177,67,64,65,63,60,57,191,70,60,60,60,61,61,59,60,59,59,59,60,60,62,61,62,60,62,79,65,59,180,65,64,61,62,188,76,62,62,59,59,58,58,60,62,64,60,60,60,60,61,61,63,63,54,79,63,61,61,111,64,63,122,141,60,61,61,59,59,60,60,61,61,58,58,60,58,60,63,63,65,65,62,64,61,61,59,201,62,61,192,64,61,60,59,59,60,60,61,60,60,61,60,58,59,60,63,61,63,62,62,63,62,63,61,145,63,177,66,63,61,60,57,59,59,61,60,61,61,62,58,59,62,61,63,61,63,61,62,64,63,64,64,59,181,140,78,61,61,59,60,61,61,59,60,60,65,63,60,60,61,61,61,61,61,62,61,63,64,64,62,53,174,81,64,64,59,59,58,59,60,60,60,59,62,64,61,59,61,60,60,59,59,61,60,61,62,62,59,192,69,62,62,59,59,58,58,59,59,59,61,62,65,65,61,60,60,60,59,61,60,60,59,61,62,59,159,81,59,60,61,60,59,60,59,61,59,59,63,64,64,64,60,60,60,61,60,60,58,61,60,60,60,53,183,58,60,61,60,62,60,60,61,61,60,62,61,64,64,65,60,60,59,61,61,59,59,60,61,59,57,196,66,62,60,62,60,60,61,60,60,61,61,61,61,64,68,65,60,60,62,63,60,60,59,58,57,58,188,65,62,61,61,63,60,61,61,60,60,62,63,63,63,64,65,65,61,61,60,59,59,60,60,59,59,63,127,62,63,68,67,63,63,65,62,59,60,61,59,61,62,63,63,63,58,60,60,58,60,60,62,59,54,186,62,63,62,64,64,63,62,63,63,60,61,60,60,62,60,64,66,65,60,61,61,61,62,61,61,60,144,66,58,59,64,64,63,61,62,62,62,61,59,60,61,61,62,62,62,63,61,61,61,60,59,61,60,58,169,58,61,61,63,64,65,62,62,60,61,61,60,60,61,59,60,61,60,62,60,60,59,61,60,59,59,70,59,59,61,61,62,63,62,62,64,62,61,61,62,60,60,61,60,61,61,61,61,61,59,61,59,61,59,126,63,60,63,61,62,64,62,64,62,60,61,61,60,60,60,60,59,60,60,60,61,61,61,61,61,59,59,58,80,61,60,60,63,60,60,63,61,61,60,61,60,60,59,60,60,62,62,63,62,63,63,61,61,59,61,60,60,61,60,62,63,65,63,65,64,61,61,59,60,61,60,61,61,64,63,64,63,62,64,60,60,60,59,59,60,60,60,62,62,62,64,64,63,61,62,63,61,61,62,61,61,62,64,62
52,54,56,58,58,56,58,56,53,55,54,53,52,55,52,58,57,53,55,54,57,54,54,51,53,53,53,56,55,55,55,56,58,59,57,58,55,53,55,54,53,55,53,53,52,53,54,55,57,56,55,55,53,52,54,53,55,54,57,55,55,57,54,54,53,54,53,54,52,54,52,51,53,53,54,57,56,55,54,53,55,54,54,54,54,55,57,57,58,62,60,55,53,54,53,52,54,53,50,53,54,53,51,57,57,56,59,56,57,54,53,54,55,54,58,55,57,56,59,59,54,54,54,53,54,52,54,53,53,56,59,57,58,57,57,56,55,54,53,55,55,55,58,55,57,56,57,55,55,54,53,54,54,54,55,61,62,60,62,60,64,71,56,55,56,56,55,57,54,52,57,56,55,57,59,56,54,53,54,54,54,55,55,55,56,55,66,169,113,189,54,54,55,54,54,56,54,55,56,57,56,54,56,54,55,54,56,54,55,55,54,56,53,107,107,58,52,182,55,55,54,54,54,55,55,57,59,59,58,59,59,56,56,54,54,55,54,54,54,56,161,64,60,58,93,112,52,53,56,54,54,54,54,58,62,59,58,58,59,57,55,54,54,56,53,54,54,128,72,58,59,56,181,56,55,56,54,54,54,57,55,59,60,59,57,57,60,59,56,55,55,53,55,58,134,67,58,60,57,168,54,55,54,54,54,54,55,56,55,57,61,60,60,58,62,58,55,54,55,55,54,144,62,57,63,53,164,64,55,53,53,54,52,55,55,56,55,56,58,57,59,61,59,57,56,56,55,54,80,51,56,49,185,113,53,57,56,54,56,57,56,54,55,54,55,56,61,61,60,61,58,56,56,54,53,72,89,53,89,192,156,59,54,55,54,56,56,52,53,53,54,55,56,55,60,58,58,60,62,56,54,54,59,122,53,56,53,54,57,149,63,53,54,54,54,54,53,53,54,55,58,55,57,59,60,60,58,55,50,55,147,53,54,54,55,53,54,55,183,55,53,54,54,55,53,55,55,54,55,57,66,65,63,62,58,56,103,169,58,55,53,56,54,55,54,55,100,64,55,54,54,54,57,54,53,53,58,59,60,58,60,58,60,56,116,70,163,179,54,54,55,59,54,56,179,62,61,55,54,53,52,55,54,57,56,57,58,61,59,58,58,59,94,56,55,55,70,97,182,176,197,174,85,61,59,57,55,54,54,54,54,57,56,59,63,60,61,59,60,141,57,55,56,55,51,55,57,60,59,55,58,58,59,57,54,55,54,53,54,55,56,58,58,58,61,59,192,99,58,57,56,56,55,57,57,62,58,59,61,60,57,57,56,55,55,55,55,55,56,55,56,56,57,54,165,64,55,58,56,55,55,57,57,58,57,59,58,59,58,55,56,55,54,54,55,56,54,57,56,56,53,134,145,55,57,57,55,55,56,57,57,60,58,59,59,58,58,56,55,57,56,56,56,55,57,59,59,62,63,173,52,54,55,55,55,54,56,57,58,59,59,60,60,57,57,57,56,56,58,55,55,55,58,57,59,63,58,117,55,54,55,55,56,53,56,56,56,60,61,59,58,56,56,56,56,57,56,54,56,55,56,58,59,63,61,58,56,56,56,57,55,55,56,57,58,61,59,61,60,59,55,57,56,56,53,57,56,56,60,60,62,60,61,60,55,56,57,55,55,56,54,55,59,58,60,61,58,58,56,57,56,55,56,56,55,55,61,62,60,59,60,59,58,55,57,54,55,54,54,54,57,63,60,60,65,58,55,55,56,56,55,55,57,55
50,49,47,48,48,49,49,50,49,49,50,50,51,50,51,50,51,52,51,53,63,54,55,53,52,52,60,64,47,49,49,49,48,49,51,50,50,48,50,49,51,52,51,50,52,53,51,52,49,51,51,54,53,54,54,56,51,49,50,51,49,49,51,52,50,50,50,51,50,52,51,51,52,54,52,51,50,50,52,54,51,53,55,57,49,49,49,50,50,51,50,49,52,51,51,51,50,55,56,54,53,51,52,53,49,49,52,53,53,54,54,58,49,49,49,52,49,51,51,48,48,50,50,52,54,54,54,56,55,56,55,54,50,52,51,50,52,55,57,57,49,49,49,49,49,51,50,49,49,50,50,51,53,53,54,55,54,55,54,54,52,52,51,52,51,54,56,56,49,50,49,47,50,50,51,50,49,50,49,49,53,55,56,53,56,57,51,52,52,52,52,53,52,56,55,57,48,49,50,51,49,49,51,51,49,51,51,50,53,56,55,55,57,59,56,53,53,52,52,54,54,54,56,56,48,50,50,50,50,51,50,51,51,51,52,54,54,57,53,57,55,53,57,52,53,53,53,53,55,54,56,56,49,49,48,50,49,50,51,51,52,52,50,52,55,57,59,59,59,56,55,53,53,53,54,53,55,54,54,55,50,49,49,49,50,51,51,52,50,52,52,50,54,53,55,55,56,56,52,52,53,54,54,55,54,55,52,54,49,49,50,50,50,50,50,51,54,54,52,84,183,120,59,55,56,59,52,52,54,55,53,57,56,55,56,57,50,50,49,50,50,51,51,49,50,52,170,61,53,61,174,67,55,124,68,54,55,53,54,57,56,56,56,58,50,50,50,50,52,50,50,51,48,134,63,55,54,53,56,161,164,86,53,54,55,56,55,56,56,57,56,57,49,51,51,52,51,51,52,48,53,157,53,54,53,51,58,160,189,55,54,55,55,56,57,55,57,56,57,56,51,52,51,52,52,52,53,47,52,130,51,48,56,146,153,48,123,126,52,52,54,55,56,56,57,56,56,56,50,51,52,54,51,52,52,52,54,154,155,159,150,71,55,55,53,159,98,58,54,56,57,58,57,56,56,57,51,51,53,53,51,52,50,53,53,53,57,51,53,54,56,56,56,58,170,68,55,58,59,56,59,58,57,58,51,52,51,50,51,52,50,49,51,52,52,53,54,56,55,55,57,57,55,124,110,56,58,60,57,58,56,54,51,51,51,52,51,51,51,51,53,54,52,54,56,57,57,57,57,56,56,53,51,59,57,61,57,58,58,57,50,52,50,51,50,52,51,51,51,51,51,52,54,54,56,58,60,61,56,55,58,59,60,59,60,57,57,58,52,52,52,51,53,51,52,51,50,52,50,53,54,56,56,57,54,56,56,59,57,58,57,59,58,57,57,58,51,52,53,50,51,51,52,52,52,51,53,54,53,54,57,56,57,58,56,54,59,58,58,58,59,57,59,58,53,53,51,52,51,52,51,52,50,53,53,55,54,54,57,57,55,56,57,56,55,56,57,57,58,57,57,61,52,52,53,53,53,52,52,53,53,52,54,55,56,59,58,59,61,56,57,56,55,55,56,58,56,58,56,56,52,53,53,53,53,53,52,53,51,50,53,53,53,56,57,58,56,57,58,57,55,55,56,57,58,55,56,57,53,52,52,53,52,54,54,52,53,52,51,55,57,59,58,58,56,59,57,56,56,55,56,57,56,54,59,59,52,53,52,52,53,52,54,52,55,53,53,55,57,57,57,55,61,61,58,58,57,54,55,55,55,55,57,58
52,51,54,56,53,55,56,53,55,56,57,55,55,54,54,54,54,54,54,54,54,52,54,52,51,52,50,51,53,52,54,53,56,56,55,56,56,56,57,55,53,55,54,55,56,55,55,54,53,54,54,53,50,51,51,50,53,53,53,54,55,55,56,56,58,60,53,54,54,54,55,54,52,53,53,52,52,53,53,52,53,51,52,50,52,53,52,53,55,54,56,54,55,56,56,53,55,54,54,53,48,60,132,185,172,177,93,48,48,50,50,49,53,54,53,53,50,55,55,55,56,54,55,54,54,54,54,52,169,91,51,54,59,54,89,80,51,54,52,51,51,52,52,51,56,54,55,55,56,55,55,54,54,52,65,106,52,54,56,55,54,56,62,122,53,52,52,52,48,51,53,53,55,52,53,53,55,55,54,52,51,81,61,53,56,56,54,58,56,57,109,61,56,54,53,52,51,52,52,52,52,56,54,51,56,54,54,53,66,103,52,53,56,57,57,57,58,49,190,54,53,53,51,49,50,52,52,54,52,53,55,54,53,55,52,49,119,52,54,53,54,57,55,53,52,186,69,51,52,52,50,51,52,51,51,53,52,51,52,53,53,52,49,152,49,52,54,56,53,54,53,51,181,90,54,54,53,52,54,52,52,52,51,52,51,50,53,53,53,54,103,69,51,54,54,52,53,56,99,172,57,55,52,51,54,52,53,52,52,50,51,51,52,50,52,53,51,51,139,51,52,53,51,51,62,141,116,54,52,55,52,53,53,52,51,53,52,52,52,50,51,52,52,52,51,129,52,52,52,53,80,161,159,149,140,60,54,54,54,54,55,52,53,54,52,51,52,51,51,51,54,50,52,136,53,53,53,53,52,53,52,52,53,177,60,58,53,54,54,54,53,53,53,52,53,51,53,52,51,50,72,58,52,53,54,53,54,55,53,52,55,49,195,60,56,55,55,56,53,52,51,49,53,53,50,53,52,51,150,56,53,52,52,53,52,53,52,52,54,53,174,53,56,56,55,52,53,53,50,52,51,53,54,52,50,67,62,119,88,85,54,51,51,51,52,56,50,52,176,58,52,55,54,53,52,50,53,52,52,53,54,52,48,141,56,49,52,72,81,135,130,118,133,170,187,191,86,59,55,52,54,53,52,55,51,51,53,54,52,51,51,137,54,51,53,52,51,53,51,53,52,50,54,53,55,54,55,53,53,52,54,52,52,51,52,51,52,50,146,50,51,52,52,54,54,52,53,52,53,51,50,54,50,52,53,54,52,52,53,53,51,51,54,53,51,50,162,54,52,52,52,54,52,51,52,54,51,52,52,51,50,51,53,52,54,51,52,52,51,52,52,53,52,66,92,52,52,53,53,51,51,53,54,54,52,51,54,53,51,52,51,52,52,51,52,53,51,52,51,51,51,166,98,55,54,53,53,53,52,53,53,52,52,50,51,54,55,52,51,52,51,52,52,54,52,53,50,53,62,196,54,51,52,53,51,51,53,52,51,54,55,56,52,52,53,53,54,51,52,51,52,50,53,53,51,50,136,165,53,51,51,53,52,52,51,52,53,53,53,53,52,53,53,54,54,52,52,52,51,51,53,54,51,52,176,55,53,51,53,53,52,51,52,52,52,53,54,53,54,52,53,54,53,53,51,51,51,51,52,53,54,53,55,51,52,51,52,50,53,51,52,51,54,53,56,55,56,54,52,53,52,55,51,52,53,55,54,53,53,55,55,53,53,51,52,52,51,51,53,54,52,54,52,52,55,54,53,52,53,54,54,54,53,53
46,47,48,48,49,50,48,49,47,50,50,52,51,52,52,50,49,50,50,51,47,50,49,47,51,51,53,50,48,49,47,50,50,49,47,49,50,51,51,50,50,49,51,52,51,50,51,50,51,49,48,49,48,51,50,51,48,49,48,50,47,50,48,50,50,51,51,51,50,51,51,51,50,49,51,49,50,50,49,51,50,50,52,53,47,48,49,47,49,50,49,50,51,51,51,51,52,51,50,48,49,50,51,50,48,48,51,50,49,51,49,51,48,49,49,50,49,50,52,52,51,52,51,49,52,50,50,51,50,50,50,48,51,49,51,52,53,52,51,52,47,49,48,47,49,50,51,50,51,51,52,50,53,51,51,50,51,50,51,51,49,50,54,51,56,52,54,54,47,48,48,49,51,50,51,52,51,51,52,52,52,50,52,51,50,49,50,50,51,51,53,51,53,55,54,55,50,48,49,49,50,49,52,48,50,51,53,52,52,51,52,52,53,51,51,52,49,48,49,54,55,53,52,53,48,51,50,51,49,51,53,51,53,53,51,51,52,52,51,52,50,52,54,52,51,50,51,53,54,54,56,54,47,50,49,48,50,51,51,52,51,52,53,52,52,52,51,51,51,54,52,48,53,51,53,53,55,54,54,56,50,49,49,50,51,51,53,52,51,53,51,50,50,54,53,51,53,51,52,88,117,54,53,54,54,54,55,56,51,50,49,50,51,51,52,51,53,52,50,70,52,52,55,52,51,51,146,71,62,51,53,53,55,55,56,54,48,49,49,50,51,50,52,51,51,51,122,57,180,70,50,51,51,80,93,52,53,52,52,52,54,53,56,55,50,52,51,49,51,51,52,51,49,70,65,51,57,176,52,49,122,99,53,51,52,52,51,51,52,53,55,53,50,52,50,51,50,51,50,51,55,166,54,55,50,49,177,155,72,51,53,52,54,52,52,52,53,53,53,53,50,53,52,52,52,50,51,52,47,180,54,52,50,48,121,186,54,55,55,54,54,53,52,51,53,53,54,55,50,52,51,52,51,52,52,51,119,122,56,53,51,175,63,69,179,73,53,51,50,51,53,50,54,54,54,54,50,50,51,50,52,51,52,51,133,75,54,59,178,67,53,54,54,161,86,52,50,53,52,52,53,54,52,54,49,50,49,50,50,51,51,50,46,157,124,168,51,50,50,50,49,49,58,123,66,51,53,53,53,52,52,53,51,51,50,51,51,50,51,51,53,84,53,52,49,50,51,51,53,50,51,51,48,52,55,53,51,53,53,53,48,49,50,51,50,50,52,50,51,51,50,49,51,50,51,51,51,51,51,53,52,51,52,52,53,54,54,51,49,49,49,50,52,51,51,52,51,52,50,47,49,50,51,52,51,52,54,52,54,51,52,52,53,53,54,55,48,50,49,51,50,49,51,51,49,49,49,51,51,51,51,52,53,51,53,54,55,53,54,54,52,53,55,58,47,51,50,50,50,50,50,50,51,50,51,51,50,51,51,51,52,53,53,56,53,53,52,53,53,53,52,55,51,51,50,50,51,48,50,49,51,50,50,51,50,51,53,52,55,53,52,56,53,52,53,52,52,52,54,54,48,51,52,50,48,50,51,47,50,48,50,50,48,50,51,50,52,52,53,53,53,55,54,50,52,54,54,53,47,48,51,52,49,51,50,51,51,49,50,50,51,51,52,52,52,52,54,52,53,54,53,53,54,53,56,56,51,50,48,52,52,49,50,48,51,50,51,50,55,51,52,54,51,54,53,53,55,52,52,52,54,52,54,58
57,59,57,57,58,58,58,61,59,61,63,59,55,56,56,58,56,57,57,56,55,56,54,55,57,56,56,56,57,58,57,57,57,57,57,59,59,59,57,63,56,58,57,57,56,55,56,56,56,55,57,55,57,56,57,56,56,57,57,57,56,56,58,57,60,59,59,59,59,58,57,57,56,56,55,57,56,56,55,55,57,56,57,57,58,58,59,59,58,59,56,57,60,60,61,62,59,59,60,56,57,56,55,55,72,61,55,57,57,57,58,57,55,56,60,58,57,59,57,58,55,56,58,57,61,60,56,56,58,55,60,64,117,119,56,56,56,58,57,57,58,57,57,57,58,59,61,63,66,142,58,66,58,58,59,56,57,56,55,195,58,58,56,57,56,56,57,57,57,58,59,58,57,58,58,59,89,71,134,109,59,58,59,58,56,52,191,60,57,55,58,57,57,56,58,58,58,58,57,56,59,60,58,55,66,58,58,128,61,59,59,59,59,97,92,59,56,57,57,56,56,57,60,58,60,58,60,58,58,58,59,60,60,58,56,55,194,59,59,57,62,194,60,56,56,56,59,56,56,58,57,60,60,57,58,58,59,59,59,57,57,57,56,58,95,75,59,57,187,76,57,58,59,58,57,58,58,58,58,58,58,58,59,59,57,58,57,58,59,58,58,57,56,172,56,64,146,57,57,59,57,56,57,59,56,57,57,58,58,56,57,58,56,57,56,59,57,57,57,58,61,180,55,193,56,56,58,59,58,57,58,59,58,58,56,59,58,60,57,59,60,57,58,59,59,60,60,61,60,189,138,58,57,56,57,56,58,56,56,56,57,58,58,57,58,58,57,59,58,58,63,62,62,61,63,63,54,139,179,58,57,57,58,58,57,57,57,56,58,57,59,59,58,59,58,57,59,60,59,60,61,60,60,61,58,188,58,56,58,60,57,60,59,57,58,57,58,58,59,58,58,59,57,59,60,58,59,61,58,60,62,58,58,174,54,57,57,57,60,57,59,58,58,58,58,59,59,59,59,59,58,59,58,59,61,58,60,62,65,60,191,60,58,58,56,57,59,59,58,56,59,59,58,62,59,60,58,58,58,55,59,62,65,59,62,63,62,71,96,57,57,58,58,59,60,61,60,58,57,58,63,60,59,59,58,59,59,59,58,58,59,63,62,61,57,178,59,56,58,57,58,60,60,60,58,57,56,58,57,57,58,57,58,57,60,59,60,58,59,60,63,61,54,130,54,60,58,59,56,57,60,59,58,59,59,57,57,56,55,57,59,59,60,60,56,59,61,60,61,59,150,61,58,59,57,56,58,59,59,62,58,58,63,58,61,59,59,57,59,61,60,60,59,61,63,63,63,59,153,58,62,58,59,57,59,60,60,61,61,61,59,61,60,59,59,57,60,59,59,60,60,60,62,60,62,60,97,59,58,60,57,57,58,61,59,60,59,58,62,60,60,60,57,58,59,59,62,60,60,61,66,59,61,59,67,58,57,57,59,56,57,60,58,58,59,60,62,62,60,59,58,57,59,60,60,59,60,59,63,62,66,65,66,61,58,59,59,61,58,57,58,57,59,59,59,58,60,60,59,59,62,60,60,61,60,60,61,59,61,61,61,60,60,60,58,56,59,57,59,60,58,59,58,62,59,59,59,59,62,61,59,59,60,61,63,63,57,59,63,59,58,60,58,58,59,57,58,60,60,56,58,58,58,59,58,58,60,61,61,59,59,61,64,66,62,64,65,61,61,59,58,58,58,60,59,61,62,59,59,57,59,58,58,58
46,48,45,48,49,48,46,44,46,47,48,48,46,48,46,48,47,50,50,49,50,48,47,49,48,49,48,48,48,50,48,46,46,47,47,48,46,45,47,45,47,48,49,48,49,48,47,49,47,48,47,48,46,48,49,48,48,47,47,46,49,48,48,47,46,49,47,48,49,48,48,49,50,49,49,48,48,48,47,47,45,49,49,50,47,46,46,49,47,47,46,46,48,49,47,47,46,49,48,47,50,48,49,51,48,48,46,50,48,49,49,49,46,47,48,49,47,47,48,48,47,48,49,47,48,50,48,48,50,49,47,48,50,48,47,47,48,48,48,50,46,45,48,47,47,48,47,50,50,47,48,49,48,48,49,49,48,49,48,48,47,46,49,49,49,50,48,50,49,47,47,48,49,48,48,49,49,51,49,49,49,47,47,48,49,48,48,50,49,48,48,47,49,49,49,49,50,47,48,47,48,48,50,50,49,47,50,51,48,47,48,49,49,48,48,49,51,49,49,49,50,52,48,49,48,49,47,49,49,49,48,49,51,49,48,50,49,49,48,50,48,50,50,48,49,48,50,49,50,50,51,50,48,47,48,48,49,49,48,48,49,49,49,49,48,49,48,47,48,51,48,50,46,51,47,48,51,49,51,49,48,49,49,48,49,47,49,47,49,49,48,49,48,49,53,53,50,48,49,54,92,70,49,49,51,50,51,50,51,49,48,47,50,48,48,48,50,49,50,58,151,148,151,167,52,50,50,148,65,49,50,51,51,52,49,51,46,49,49,48,48,48,49,48,51,97,143,49,51,49,55,82,91,55,174,60,50,50,49,51,50,52,48,52,47,48,49,48,49,48,50,47,148,60,49,50,50,50,51,51,178,177,59,53,51,49,49,52,50,50,50,50,48,49,47,49,48,47,48,134,52,53,51,53,50,48,56,145,147,129,53,53,51,51,50,51,49,49,50,51,49,48,51,50,48,48,178,70,53,47,49,52,53,127,173,67,50,161,56,51,50,52,51,50,50,50,49,50,49,54,51,49,46,126,91,52,53,50,55,170,169,92,51,52,51,58,141,52,50,51,52,51,49,49,51,48,48,48,51,50,48,122,115,117,135,156,162,78,52,51,51,51,52,53,176,76,51,50,51,51,50,49,52,52,49,49,49,51,49,51,58,57,50,52,49,52,51,51,50,49,50,51,53,154,117,59,50,52,53,53,51,51,49,50,49,51,50,50,49,51,51,49,49,50,50,50,49,50,47,49,51,48,55,115,75,64,56,51,52,51,48,50,50,51,51,50,49,53,53,51,47,48,50,51,51,50,51,49,49,51,47,49,48,50,52,51,50,50,51,49,49,51,50,51,51,51,50,51,49,50,51,50,50,49,49,50,50,50,50,51,53,51,53,53,51,50,50,50,49,49,51,53,51,52,52,52,50,49,50,51,50,49,50,50,50,52,51,51,51,53,52,51,53,52,50,49,50,50,49,53,52,52,52,52,49,52,49,50,50,50,50,51,50,52,52,51,51,52,50,52,52,53,52,51,51,49,51,49,50,51,50,53,51,53,50,51,52,53,50,53,52,51,52,49,51,51,48,51,51,53,51,50,51,51,53,45,51,52,53,51,50,50,50,51,51,52,51,51,52,50,50,52,51,52,54,52,51,52,50,50,53,55,52,49,49,49,51,51,51,50,51,51,52,51,51,50,60,58,55,65,56,55,51,53,53,51,51,50,52,51,50,49,50,50,52,52,51,50,51,50,51,65,73,55,53,52,51,51,54,53,53,53,52,52
52,53,52,54,52,54,52,52,53,51,51,50,52,51,51,52,51,53,52,53,52,51,51,53,52,53,53,51,52,52,51,52,53,52,52,51,50,51,51,53,51,54,52,52,52,54,54,51,51,50,52,53,52,52,51,54,52,52,52,52,53,51,51,49,50,52,50,52,53,51,53,55,54,53,53,52,51,53,53,52,53,52,53,51,54,53,55,52,54,51,52,51,50,52,51,51,51,52,51,51,52,53,53,52,53,50,52,51,54,54,53,52,56,53,54,53,53,52,54,52,51,52,52,50,51,53,54,53,53,55,53,53,53,52,52,52,51,52,53,54,53,53,53,54,53,51,53,52,50,52,52,53,51,50,51,50,51,53,51,53,53,52,51,53,54,52,52,53,54,54,53,52,51,52,52,53,52,51,52,52,51,47,93,134,133,103,66,54,52,55,53,52,52,51,52,54,54,53,54,54,52,53,52,51,52,52,50,51,49,164,85,62,61,66,122,88,52,54,54,53,52,52,54,51,53,55,53,53,52,53,50,52,50,52,51,54,164,53,53,53,54,54,53,83,65,54,55,54,53,54,54,54,54,53,52,53,53,53,53,53,53,51,55,176,60,54,54,54,53,54,53,58,145,56,54,55,54,53,54,55,54,52,52,53,53,52,54,54,54,49,115,58,53,54,55,54,54,53,50,56,77,54,53,55,54,52,54,55,53,51,52,53,54,52,54,53,54,57,146,51,54,53,53,51,52,49,60,165,52,55,54,54,53,54,54,53,53,51,53,52,53,53,53,52,51,123,52,52,52,53,51,52,50,141,150,49,54,52,53,54,53,54,54,54,53,53,54,55,53,53,53,52,54,153,55,53,55,54,51,89,150,74,57,54,55,55,53,54,53,53,54,54,54,54,53,54,52,52,53,52,68,69,54,54,53,53,148,97,54,56,56,58,55,54,56,55,54,53,53,52,54,54,50,52,51,54,54,50,138,54,54,53,53,54,53,115,142,54,56,57,54,56,56,52,53,54,53,55,52,51,51,51,51,54,53,53,74,56,63,53,53,57,54,54,52,187,58,57,55,54,56,55,53,53,53,52,54,52,52,51,51,52,50,111,55,160,70,56,53,52,52,54,56,140,59,55,55,53,54,54,51,51,52,52,52,53,52,52,51,51,49,132,56,51,72,90,121,165,181,172,172,84,55,55,53,54,54,53,52,51,54,52,54,53,53,52,53,52,75,68,56,54,53,51,52,51,52,53,57,53,54,55,53,53,54,53,53,54,52,53,53,53,52,53,51,52,157,73,54,55,53,53,56,53,53,53,54,56,53,53,55,52,54,53,54,53,53,52,53,53,53,53,54,49,151,150,54,53,53,53,53,53,54,54,53,55,55,56,53,54,53,53,53,53,53,52,53,53,53,53,51,67,117,66,54,54,52,54,53,52,54,56,55,55,55,54,53,53,53,53,55,53,53,51,54,55,53,51,51,100,157,57,54,54,54,54,54,53,53,54,55,55,53,53,54,53,53,53,54,53,53,52,56,55,53,54,54,184,116,53,55,55,55,54,53,53,54,54,53,52,55,54,54,52,56,54,53,53,53,51,54,54,54,54,53,108,55,53,54,54,56,55,56,54,55,55,54,54,54,55,54,56,55,55,53,53,51,52,54,54,53,52,52,57,56,57,57,55,55,56,55,54,54,54,56,54,52,54,55,55,54,54,52,52,52,52,55,54,52,53,53,55,55,54,55,56,56,53,54,54,54,55,55,54,54,55,55,52,54,53,54,52,50,52
56,54,53,54,54,55,54,53,55,54,53,55,55,54,55,55,54,57,55,55,56,56,57,54,55,56,55,54,56,54,54,55,54,54,54,55,56,55,55,56,54,55,54,54,56,56,56,56,57,56,55,56,55,56,55,55,55,57,56,55,55,55,54,55,54,53,55,55,55,54,55,55,55,56,56,57,55,57,56,55,55,57,56,55,55,56,54,56,54,56,56,55,57,54,56,56,57,55,56,56,56,56,55,54,55,55,55,55,57,55,57,56,56,56,55,55,55,56,56,58,55,55,55,56,57,57,55,56,56,55,56,56,59,55,58,56,56,57,56,58,55,55,55,56,55,57,55,57,54,55,57,56,57,56,58,57,56,53,52,104,78,57,55,56,58,57,56,55,55,57,56,55,56,57,56,58,52,54,55,56,57,56,56,57,56,53,181,60,58,57,56,56,56,56,56,56,55,58,55,54,54,55,55,58,182,208,60,58,56,56,56,56,55,72,122,58,58,56,56,56,56,56,58,57,56,55,55,54,55,54,54,57,82,66,190,55,56,58,56,55,55,185,61,56,55,58,57,57,57,58,56,56,57,56,55,55,57,58,57,55,59,70,166,57,57,58,59,55,107,85,57,57,59,58,57,58,56,55,56,57,56,57,56,57,56,56,56,57,56,69,152,56,58,58,58,55,177,61,57,58,57,57,58,58,57,58,56,59,58,56,57,54,55,55,54,57,56,55,179,60,58,57,57,100,81,58,60,58,59,57,59,57,57,57,57,58,58,56,56,55,55,57,57,56,56,53,174,62,62,59,55,187,63,57,58,58,57,59,57,56,58,58,58,58,58,57,57,56,56,56,56,57,57,55,128,58,58,58,75,144,58,57,57,58,58,57,57,58,57,57,59,60,58,56,57,56,56,55,56,56,57,58,91,140,118,127,193,64,59,57,58,58,56,57,57,56,58,57,57,58,58,56,57,55,56,56,55,57,59,58,55,58,55,58,164,59,57,57,59,58,58,58,58,60,57,57,57,57,58,57,56,57,56,56,54,57,57,57,56,56,63,151,66,57,60,57,59,57,61,59,58,58,58,59,59,58,57,57,57,58,58,55,56,57,57,58,58,56,51,190,57,58,58,58,58,58,58,58,58,57,58,60,58,58,59,58,57,57,57,56,57,58,58,58,57,55,151,72,59,58,60,59,58,59,58,57,58,58,58,58,58,59,57,58,56,56,58,57,56,56,56,57,58,54,188,57,56,58,57,59,59,59,59,55,58,59,59,60,59,57,58,57,56,56,57,56,57,58,57,58,58,56,130,58,58,58,57,56,59,57,60,57,59,58,58,57,58,58,57,58,58,57,57,57,56,58,58,57,56,73,66,58,58,57,56,57,58,59,59,60,58,61,58,58,57,59,58,58,57,57,59,57,58,59,59,58,54,105,60,58,58,58,59,56,58,57,59,58,57,58,59,58,58,57,57,58,57,59,58,58,60,58,58,59,58,153,60,58,60,57,60,58,58,58,58,58,57,57,58,60,59,60,59,58,58,59,58,57,58,57,58,58,59,132,59,58,59,60,60,56,58,57,58,58,58,60,58,58,58,58,57,58,59,59,60,58,58,58,58,59,57,83,59,58,58,58,57,59,57,58,57,59,58,60,59,58,58,57,58,58,58,59,58,58,59,58,58,60,59,71,59,58,58,58,58,59,59,58,60,59,59,58,60,58,58,58,58,58,57,58,58,59,59,60,59,60,59,59,62,58,58,59,58,59,59,59,58,59,58,60,59,59,60,58
51,51,53,51,54,55,52,53,51,51,51,50,50,51,51,50,51,50,52,50,52,51,52,53,53,52,52,53,52,52,53,54,55,54,52,55,52,51,50,48,51,51,50,49,51,51,50,51,51,51,50,52,53,53,54,51,53,52,52,53,53,53,54,54,52,52,52,50,52,52,50,50,49,49,49,51,50,51,52,53,53,54,53,52,52,52,52,52,54,53,54,54,52,52,51,53,52,52,50,53,50,52,50,48,51,71,55,54,52,52,54,52,50,53,52,53,53,52,52,51,51,52,51,47,51,51,53,50,49,49,49,46,137,81,63,57,53,53,51,53,51,52,51,51,51,52,52,54,53,52,50,59,139,164,116,50,50,50,50,161,59,51,52,52,54,54,53,54,51,53,51,52,51,50,50,50,49,53,128,114,49,55,174,53,50,49,105,90,53,52,53,51,55,54,54,55,51,51,51,51,50,51,49,49,53,165,68,55,52,51,166,50,51,53,182,56,53,51,52,52,51,55,53,53,50,51,52,52,50,53,48,76,160,68,50,51,51,52,135,51,50,126,66,53,51,51,53,52,52,54,55,55,52,52,50,50,49,50,142,136,50,50,52,53,50,83,95,53,57,191,53,51,49,49,52,54,52,54,55,55,50,50,51,50,49,114,196,57,50,52,53,51,49,178,58,51,173,71,54,57,49,53,52,54,53,53,55,54,52,53,53,50,48,152,62,52,53,53,51,50,48,175,54,47,185,57,51,53,51,51,56,53,54,54,54,56,52,53,52,52,50,66,71,52,51,51,52,51,54,183,54,90,57,52,51,51,51,53,54,52,54,55,55,53,52,53,53,53,53,54,53,51,52,52,53,52,64,133,58,179,53,47,62,53,52,53,54,53,54,54,55,55,52,55,53,52,54,53,52,53,55,52,52,52,50,186,147,82,77,82,52,50,53,53,53,54,54,53,55,57,54,55,54,53,55,53,52,54,52,52,52,53,48,136,190,176,56,49,51,53,54,54,54,53,54,56,55,57,54,54,53,54,53,52,52,53,54,54,54,54,51,113,92,53,54,52,54,54,54,55,53,54,55,55,55,56,55,55,54,55,53,53,53,54,54,53,53,52,51,173,54,54,53,53,52,54,52,54,54,55,54,55,55,57,55,56,55,56,55,55,53,53,53,52,54,52,103,106,55,54,51,53,53,54,54,55,53,54,54,54,54,55,57,55,55,55,55,53,54,52,53,55,54,48,174,57,53,54,54,53,54,56,54,58,54,53,53,56,53,55,54,56,56,55,54,54,51,54,54,54,52,68,72,53,52,52,55,56,54,55,54,63,55,52,55,55,55,56,55,56,56,55,55,53,52,53,53,54,53,160,55,52,53,54,54,54,54,55,54,53,54,52,55,56,57,55,53,54,55,54,54,54,54,54,55,51,56,134,52,53,52,54,54,52,55,55,55,54,54,54,55,56,58,56,55,57,54,55,53,53,52,53,52,52,100,74,54,52,54,53,53,53,53,52,54,55,53,53,54,56,56,56,53,54,55,53,54,54,54,53,52,53,106,64,54,52,52,52,54,54,56,53,54,55,54,55,56,56,58,58,56,55,54,53,55,53,54,54,56,55,64,60,53,54,53,55,53,54,55,55,54,53,54,56,57,57,57,57,54,54,54,54,53,55,54,54,56,55,54,82,55,54,52,52,53,53,55,54,54,54,55,56,57,56,58,57,54,54,54,55,52,53,52,53,56,54,55,55,52,54,52,50,53,53,53,56,55,56,56,56,57,58,59,58
46,45,47,46,45,47,46,48,46,47,50,49,50,49,49,51,49,50,50,50,51,51,51,52,50,50,50,54,45,46,45,45,46,45,47,46,47,48,49,49,49,49,51,51,49,50,48,46,49,50,48,50,51,49,51,53,46,45,46,47,47,48,47,47,47,48,48,50,50,51,48,49,51,48,61,92,156,170,53,47,51,51,52,52,48,47,46,47,48,47,47,45,48,48,49,49,49,52,54,65,62,149,153,64,55,107,59,49,51,51,51,54,47,46,47,47,46,47,47,47,47,48,49,49,52,53,54,79,159,74,56,55,53,179,53,51,54,52,52,52,45,46,47,46,48,47,47,47,48,49,49,50,53,52,134,120,60,55,54,54,128,122,53,50,49,52,52,52,46,46,48,47,48,46,48,46,47,48,49,51,47,122,128,53,56,52,48,57,168,52,51,50,51,49,52,51,47,48,49,46,46,48,47,47,46,47,48,51,142,102,50,51,52,47,81,162,55,50,51,50,50,49,50,49,46,47,47,47,47,46,47,47,48,45,47,96,87,53,50,49,49,118,126,53,49,50,50,51,48,49,50,51,48,48,46,47,47,46,48,46,46,44,59,123,50,49,48,52,157,72,51,49,48,50,47,49,47,50,49,50,47,46,46,47,47,47,47,48,46,48,146,55,47,54,160,135,53,50,49,51,51,49,49,48,48,50,50,50,47,47,46,49,47,50,48,47,46,104,61,53,54,54,137,174,65,53,48,50,48,48,48,49,50,48,49,49,47,48,48,48,47,47,48,44,50,111,52,49,49,51,52,52,94,161,154,48,48,48,47,47,48,49,50,48,46,47,47,47,47,46,48,45,145,51,51,49,49,50,52,52,47,50,60,163,116,51,46,50,50,49,51,50,46,46,47,47,49,48,46,75,75,53,52,48,49,51,52,51,48,49,47,46,93,160,52,48,50,50,51,50,48,48,47,47,48,47,48,133,55,54,50,50,50,49,49,51,48,49,48,49,51,144,56,48,49,50,50,52,45,49,47,48,48,47,96,58,56,58,55,54,51,49,49,48,50,45,44,47,58,184,56,48,50,50,51,52,48,48,48,49,50,47,130,68,74,53,56,63,54,54,52,52,50,48,72,174,171,70,48,49,51,51,52,51,47,47,48,48,47,92,147,70,64,174,107,67,81,121,144,160,129,169,89,60,49,49,49,50,49,52,51,52,47,47,46,47,48,148,54,130,159,165,128,131,117,99,72,53,52,51,48,50,48,50,50,52,51,52,51,51,45,46,48,49,60,139,50,59,124,51,50,53,55,51,48,48,47,48,48,48,48,50,49,50,49,49,50,50,47,47,47,47,139,64,56,151,55,51,51,52,51,49,49,47,47,48,48,48,49,49,49,51,50,51,51,50,46,46,49,48,194,68,131,56,53,51,54,52,52,49,50,49,49,47,49,48,49,49,49,50,50,51,52,50,47,48,49,55,134,145,78,52,49,52,53,54,52,50,50,50,47,49,47,49,49,47,50,51,50,51,50,52,48,48,48,60,149,119,58,55,53,52,52,49,49,47,48,50,49,48,48,48,48,50,50,49,48,50,52,50,47,48,48,59,165,52,53,53,54,55,54,51,51,50,49,49,48,48,48,47,49,49,49,50,49,51,53,52,48,47,46,46,50,51,54,54,54,54,51,52,50,49,49,48,48,48,48,49,49,48,50,50,51,50,50,52,47,48,47,47,49,52,54,55,50,53,50,51,50,49,48,48,48,47,48,48,50,50,51,49,52,52,52,51
51,53,53,50,50,52,52,50,52,51,54,53,51,51,52,50,49,50,52,50,50,51,50,50,51,53,50,53,52,52,52,53,53,51,52,53,53,52,51,52,51,51,52,50,51,51,50,51,51,49,50,50,50,51,52,52,52,52,52,52,53,52,53,51,51,51,50,51,50,51,51,52,51,53,52,51,52,52,50,50,51,51,53,53,52,53,51,50,52,54,52,53,52,51,49,51,50,51,51,50,53,52,51,51,52,52,52,52,51,54,51,53,51,51,50,54,52,52,51,53,51,53,50,52,51,53,51,55,49,51,52,49,54,53,51,52,51,53,51,52,50,54,52,52,52,52,52,54,53,51,52,53,52,52,49,45,52,121,138,94,52,53,52,52,54,52,53,53,52,54,52,53,52,50,52,52,53,51,52,52,52,53,50,137,164,58,58,154,51,52,53,49,52,52,53,50,53,50,52,53,52,52,50,50,53,53,50,55,53,48,153,76,52,53,114,76,54,53,53,51,51,52,53,53,51,53,51,54,54,51,51,50,52,51,53,53,51,151,65,54,53,53,171,53,52,49,50,54,52,50,51,51,50,52,51,52,53,53,52,52,51,53,52,47,110,78,53,51,54,113,57,53,53,52,51,49,51,50,51,52,51,51,53,53,52,53,53,53,50,52,51,54,108,51,48,65,131,56,50,50,51,50,52,50,51,50,49,52,52,53,51,55,53,54,54,55,51,52,53,152,54,51,56,152,58,51,52,55,53,52,53,49,50,51,51,49,51,53,53,51,52,51,54,55,52,51,133,71,54,56,159,53,52,49,55,55,53,52,52,52,51,53,50,50,52,53,53,53,52,54,54,53,53,57,118,55,53,53,163,65,50,53,51,53,53,51,54,51,51,53,51,51,52,52,55,53,52,53,52,55,53,141,55,53,53,52,52,146,123,54,53,53,52,53,55,52,53,53,51,53,52,50,52,51,52,54,53,53,73,88,51,53,54,52,52,50,127,157,56,53,52,52,50,54,52,52,53,52,53,51,51,51,51,54,55,52,132,54,54,53,55,54,54,53,50,51,149,54,52,54,52,53,51,53,53,51,53,54,53,54,52,61,78,62,101,51,51,51,51,48,49,51,54,81,141,53,52,51,50,51,51,51,52,53,53,52,52,53,52,53,125,149,114,99,126,118,128,125,176,149,155,83,53,52,52,51,53,51,52,52,53,54,55,53,54,53,52,52,74,94,69,81,63,56,64,68,61,53,53,52,54,56,52,53,52,54,55,51,54,54,54,54,52,52,54,52,152,64,79,95,52,54,54,53,53,51,51,53,52,51,53,53,54,55,54,55,54,52,54,53,54,54,53,57,181,65,138,52,55,52,53,53,52,52,52,54,51,52,52,55,54,55,56,54,54,53,53,53,53,54,50,84,116,157,56,54,52,53,51,52,51,51,53,52,54,53,52,53,53,52,53,54,53,54,53,54,54,53,55,128,176,58,54,51,51,53,53,53,51,52,50,53,54,52,51,54,52,54,53,54,53,54,52,52,51,55,53,100,56,53,51,54,53,54,51,54,51,51,54,53,53,55,52,52,53,55,54,55,53,53,53,52,53,53,52,54,53,51,52,52,53,52,57,60,54,53,53,52,52,53,53,54,54,55,54,54,54,55,52,52,55,54,54,54,53,53,52,53,53,53,51,54,53,52,54,52,52,53,54,53,53,52,54,55,55,52,52,54,54,54,54,53,52,53,54,52,52,53,52,52,53,53,53,54,53,53,52,53,53,54,54,54,53,54
59,58,57,58,55,56,54,55,54,53,54,53,56,56,56,56,56,54,57,56,57,54,54,54,55,53,54,54,55,58,57,55,57,55,54,54,55,54,53,54,55,54,54,55,54,55,55,55,55,55,53,56,53,54,53,54,57,58,57,58,56,56,55,53,55,55,56,53,54,54,55,57,55,55,56,55,56,57,54,53,57,56,55,54,57,58,59,57,56,55,54,56,53,53,54,56,56,55,55,55,54,54,54,54,57,54,53,53,53,53,56,56,58,58,58,56,55,55,55,54,54,55,55,53,55,56,56,55,54,55,55,55,51,58,176,141,55,54,54,55,57,57,59,56,54,55,55,54,53,57,53,52,55,56,55,56,57,55,55,56,56,193,61,56,54,54,55,54,57,57,57,55,55,55,54,55,54,57,140,56,54,56,56,55,56,55,55,54,150,84,55,56,53,55,54,54,58,58,54,56,56,58,57,56,56,56,85,117,53,55,55,55,57,55,52,97,119,56,56,54,54,56,55,55,58,58,57,56,58,56,56,56,57,57,57,185,54,57,55,55,55,54,134,150,57,54,53,55,56,56,54,57,56,57,57,57,56,56,56,57,57,57,53,163,57,57,59,55,56,80,123,53,56,57,54,58,55,56,54,55,56,56,57,58,59,57,59,57,56,57,57,61,61,57,55,52,64,176,58,55,56,56,55,56,56,55,56,55,55,56,55,55,55,56,58,57,55,58,55,62,77,53,56,63,192,58,57,57,58,56,56,55,56,57,56,54,54,56,56,56,57,56,56,57,55,58,55,59,69,56,55,194,59,58,58,58,56,57,55,57,57,57,58,58,57,57,58,57,56,56,56,56,56,56,56,59,63,55,107,160,56,56,56,56,56,56,57,56,58,56,57,56,56,57,58,57,56,57,58,57,58,57,57,57,57,53,182,55,57,56,58,57,57,56,57,56,55,54,57,56,58,57,58,56,59,56,57,57,54,56,58,57,59,180,61,58,57,58,56,56,59,58,55,55,56,56,56,57,57,58,58,57,56,57,58,56,56,58,56,56,59,143,54,56,57,58,55,55,57,55,57,57,56,57,56,55,57,58,57,55,60,59,57,59,59,57,57,54,173,57,56,57,56,57,56,56,57,56,56,56,55,57,57,59,57,58,57,58,59,58,58,56,56,59,57,59,100,56,55,56,56,56,57,58,56,57,58,54,57,57,58,56,58,57,58,56,56,57,59,56,58,56,58,186,59,54,56,57,57,58,56,55,57,58,56,57,54,56,56,54,57,56,58,59,59,58,58,59,58,58,59,178,58,55,57,57,55,56,56,56,56,55,58,57,56,58,56,56,59,58,58,58,57,58,57,57,58,57,69,62,57,56,56,57,58,56,57,56,58,56,57,57,57,55,55,54,59,59,58,57,57,54,57,56,55,55,129,60,56,56,58,58,57,57,57,58,55,56,56,56,57,56,56,55,58,59,58,55,56,58,57,56,56,58,139,59,55,56,57,57,57,57,57,58,58,57,58,59,57,57,58,55,62,58,58,57,56,56,57,58,58,57,60,54,56,56,57,59,56,57,56,57,59,58,59,58,56,59,55,54,58,58,59,57,58,56,55,57,55,55,55,62,56,58,57,58,57,58,57,57,56,57,59,57,60,56,56,57,59,57,58,56,58,57,56,56,56,56,57,55,57,57,58,57,57,58,56,58,57,57,58,58,57,58,56,57,59,61,57,58,60,56,56,57,57,55,55,55,60,56,60,56,56,57,57,58,55,55,57,57,56,56,58,57
54,60,59,60,60,61,62,61,63,59,59,58,57,56,60,61,60,62,62,64,58,59,55,55,54,54,54,55,56,57,58,59,61,58,60,60,60,59,60,60,59,57,58,60,60,59,60,58,58,57,55,56,55,54,54,56,54,55,56,58,59,56,59,58,59,59,58,59,56,55,58,60,60,59,60,60,58,55,54,54,56,54,54,54,54,56,57,60,57,57,59,60,58,58,57,57,58,58,61,59,59,58,62,61,55,55,54,56,57,54,54,54,57,58,59,58,56,57,57,58,60,57,60,58,60,58,61,61,57,57,56,59,55,56,54,56,57,56,55,56,56,60,60,57,62,62,61,59,58,59,57,56,57,57,57,101,116,88,71,57,56,56,57,56,56,56,55,57,58,64,59,57,61,61,63,58,58,57,56,57,57,147,125,70,71,63,68,156,58,58,56,57,57,54,56,55,59,63,61,61,62,61,61,59,53,57,56,52,147,63,58,58,59,59,60,120,63,58,57,56,58,57,58,58,58,62,60,61,60,62,60,58,56,56,58,151,60,59,60,60,61,62,63,135,62,61,58,59,57,57,58,59,58,60,63,62,61,59,59,60,57,54,146,62,58,59,60,61,60,60,62,180,60,61,59,56,57,58,57,58,56,60,62,62,58,61,61,60,57,109,58,56,60,61,63,64,59,60,178,62,63,60,56,57,57,58,58,59,61,58,64,62,63,67,63,61,61,125,56,56,56,60,63,65,75,154,71,65,61,60,55,56,56,56,59,58,58,59,62,62,63,63,62,59,148,62,62,57,52,55,78,127,128,59,62,59,62,61,58,55,57,56,58,57,64,61,64,62,64,64,65,60,98,59,58,59,126,148,141,144,65,58,61,61,60,60,56,62,58,57,57,57,61,66,69,68,65,65,62,129,62,58,57,56,56,57,62,62,134,84,62,63,61,57,63,58,59,57,56,56,59,62,62,61,61,65,63,179,61,59,58,56,56,57,59,61,60,157,61,61,58,55,67,55,55,57,56,55,58,64,63,62,61,64,58,177,58,58,54,55,55,57,58,60,61,157,59,59,57,55,57,56,56,57,56,57,61,65,64,62,63,61,87,100,178,109,59,58,55,54,61,61,61,192,65,60,59,58,57,56,58,57,56,56,61,61,60,61,61,63,127,58,57,68,127,132,179,144,143,171,171,62,61,61,58,58,56,56,57,56,56,59,60,61,60,60,62,61,135,62,58,56,56,57,57,58,81,61,60,63,60,57,57,58,58,57,56,57,58,59,61,62,61,63,60,61,113,60,58,58,57,58,59,58,64,63,62,61,62,62,58,56,56,58,54,58,58,59,61,62,62,61,61,60,105,75,59,58,58,58,59,60,57,59,59,63,61,58,58,59,57,58,58,57,58,60,61,64,65,62,63,60,179,91,58,57,56,57,58,58,59,62,60,61,60,58,60,58,57,57,58,59,59,61,63,63,62,62,65,60,192,67,57,58,58,57,57,57,60,62,63,61,62,58,60,59,57,57,57,58,58,58,62,63,63,62,59,64,93,57,56,56,56,56,58,58,62,58,62,63,62,62,57,57,59,59,57,59,58,59,62,63,64,62,62,63,57,57,56,57,56,57,58,59,65,63,61,63,64,57,57,57,55,56,59,58,58,59,61,64,64,63,63,59,56,57,56,57,56,57,58,55,61,61,59,60,60,56,56,55,56,55,56,57,58,61,63,63,63,62,60,58,58,59,57,59,59,56,59,58,57,61,58,59,58,59,55,55,58,56,56,59,57,65
60,59,61,59,58,59,60,59,61,64,64,62,64,62,61,62,61,60,60,58,59,59,60,58,58,57,58,59,58,59,59,58,59,58,57,59,62,61,63,64,62,62,63,61,61,60,60,58,57,58,59,58,58,57,56,56,62,60,60,59,58,57,58,59,60,60,61,61,60,63,63,62,59,60,60,61,58,59,57,58,58,57,58,58,64,60,58,60,58,58,58,61,60,59,60,59,61,63,62,61,61,61,60,60,57,58,57,57,58,57,57,57,60,60,59,58,57,56,59,62,59,60,60,59,61,65,63,63,62,61,61,61,57,58,57,56,58,57,58,59,62,60,60,60,60,59,62,61,61,64,60,63,63,65,65,64,63,60,60,60,57,54,174,91,59,58,58,59,63,61,59,61,59,60,61,61,58,68,87,62,64,66,63,62,62,60,56,57,118,156,59,58,57,58,59,58,60,59,61,59,61,61,59,58,60,62,59,122,62,62,62,60,61,57,66,192,58,61,58,59,59,59,58,59,61,58,61,58,59,59,61,62,61,64,66,171,61,63,63,62,58,132,152,59,60,58,57,59,57,58,60,58,59,60,58,60,61,62,62,61,61,65,62,148,65,64,60,60,185,81,60,57,58,58,59,58,59,59,59,58,61,59,59,59,58,60,62,62,62,64,62,108,71,64,63,195,75,59,59,59,60,58,58,59,58,58,57,58,61,60,58,59,60,59,60,60,63,64,61,63,66,65,161,77,59,60,59,60,59,58,58,57,58,60,59,57,62,61,60,60,60,62,61,60,63,66,63,89,74,187,104,60,61,60,59,58,59,58,57,57,57,58,58,58,61,59,60,60,62,61,61,61,60,64,62,173,165,137,64,61,61,60,59,58,57,57,59,60,59,57,60,59,62,60,60,60,61,62,61,60,60,60,60,185,137,62,61,59,61,60,61,59,58,59,58,58,58,59,59,59,60,60,59,60,61,59,61,62,63,64,71,164,63,63,61,60,60,60,59,59,57,58,59,58,59,61,60,60,63,59,60,60,60,61,61,63,58,65,154,59,63,62,62,62,59,59,58,61,58,59,58,59,60,58,59,59,63,62,61,60,61,61,63,63,67,179,60,62,63,62,61,63,61,61,61,60,58,58,58,58,59,58,59,58,65,63,62,62,62,61,62,61,176,68,61,63,62,63,59,60,61,62,60,60,58,58,58,60,57,58,59,59,66,64,61,62,62,61,60,144,64,65,66,62,64,61,59,60,61,60,60,59,57,58,60,58,58,60,58,58,65,64,64,62,62,63,74,73,63,64,63,64,61,61,60,60,58,62,61,59,60,59,60,60,58,59,59,59,63,63,62,64,65,62,129,62,64,64,63,63,63,62,62,60,60,61,60,59,57,59,60,60,58,59,59,59,62,63,63,64,65,65,61,64,65,65,64,61,63,63,60,60,59,59,60,61,59,59,59,59,58,58,58,60,63,62,64,65,67,69,64,65,64,66,64,65,63,62,62,61,60,59,59,58,57,57,60,60,60,59,59,58,64,63,64,64,70,67,71,66,66,63,67,64,65,61,59,58,61,60,59,58,59,59,60,58,61,60,58,57,62,64,63,63,63,63,63,64,66,64,65,64,65,64,60,60,59,61,60,59,58,58,59,59,60,58,59,58,62,63,63,62,63,64,62,63,65,65,66,65,65,64,61,60,61,59,60,60,59,58,60,61,60,58,58,58,62,61,61,61,64,64,63,63,64,64,62,64,63,62,62,61,59,59,59,59,60,61,60,59,57,59,59,58
39,40,41,44,42,42,42,42,40,44,44,44,45,46,46,43,47,48,47,47,49,50,51,50,46,47,48,47,41,41,42,42,42,43,43,43,44,44,44,46,45,45,46,47,46,49,47,47,49,49,51,50,49,48,47,46,41,42,44,41,43,41,43,43,45,44,43,45,45,45,48,49,46,47,48,49,49,48,49,48,48,48,46,47,42,42,41,42,42,42,42,44,42,45,45,47,46,45,46,48,46,48,50,49,51,47,49,48,48,47,46,49,40,41,43,42,42,42,42,44,42,45,47,46,46,46,46,47,47,48,49,47,49,49,48,48,47,48,47,47,42,41,42,41,42,42,41,44,43,45,45,45,48,46,48,45,47,50,50,51,48,50,49,49,48,48,47,47,41,41,41,42,42,41,43,43,44,44,45,44,45,46,48,45,47,49,50,51,48,48,146,47,48,49,48,47,39,39,41,39,43,43,42,44,42,45,43,44,47,45,47,49,48,49,48,50,48,55,93,53,51,47,48,47,40,41,42,43,41,42,43,44,44,45,44,46,44,46,46,45,46,46,48,48,49,147,52,47,48,50,47,48,40,43,42,40,42,42,43,44,44,45,46,46,49,48,47,46,46,48,49,47,146,64,51,47,46,50,48,48,43,41,42,40,41,42,43,44,43,45,45,46,47,47,46,45,45,49,46,121,74,50,49,49,49,47,48,47,41,42,40,43,41,42,43,44,42,44,44,46,45,46,45,45,48,51,109,115,47,48,49,49,49,47,48,49,43,42,42,42,43,44,44,41,43,46,60,124,166,149,84,49,47,82,118,52,45,48,49,49,47,49,48,48,43,41,42,41,43,44,43,43,132,131,82,52,51,47,63,99,184,155,54,48,49,47,49,49,50,47,49,49,43,42,42,44,43,43,54,122,68,43,44,47,47,46,53,170,118,105,179,59,46,47,49,48,48,49,50,50,43,41,41,41,43,45,97,49,46,45,46,44,48,58,156,106,50,48,68,169,49,49,49,47,50,48,49,47,41,42,44,44,44,126,94,58,47,45,45,48,143,155,63,49,51,49,48,85,123,50,49,49,50,49,48,48,41,43,44,42,115,155,48,45,42,47,90,161,58,49,52,47,49,48,49,45,151,62,48,48,48,50,51,48,43,44,43,41,106,87,47,44,90,169,104,47,49,50,51,50,51,48,50,47,50,173,55,51,50,49,49,51,43,44,43,44,65,174,177,172,133,51,46,50,51,50,50,49,52,49,49,50,48,52,157,127,80,55,52,50,44,43,43,44,45,38,48,46,47,47,49,50,52,51,49,50,51,51,49,48,48,47,49,47,53,49,49,51,41,43,43,45,44,46,47,45,48,49,50,51,50,51,51,49,49,48,51,50,49,50,50,49,49,49,49,50,43,44,44,46,46,45,47,47,47,49,50,51,52,52,52,50,51,49,50,51,50,51,50,49,51,51,49,48,42,44,45,44,46,48,45,49,48,49,50,51,52,49,51,51,49,51,48,48,49,51,49,50,49,51,50,47,45,42,44,45,45,47,46,47,48,49,49,51,51,52,51,51,50,51,51,50,50,50,52,49,50,49,51,51,46,45,44,44,44,44,47,46,49,49,52,52,51,53,54,51,50,49,49,50,50,51,50,50,51,51,52,50,45,44,44,44,45,46,46,48,49,49,52,52,51,52,51,52,50,51,52,53,50,52,50,51,51,50,50,52,45,45,46,46,45,47,46,47,49,50,52,53,51,54,53,52,50,50,52,51,53,52,51,51,52,50,52,51
